gene_name,control_males_max_transcript_counts,exposed_males_max_transcript_counts,difference
LOC111099036,1,2,-1
LOC111099040,13,16,-3
LOC111099047,5,4,1
LOC111099056,3,2,1
LOC111099068,1,2,-1
LOC111099070,4,5,-1
LOC111099076,1,2,-1
LOC111099078,2,1,1
LOC111099084,2,1,1
LOC111099133,2,4,-2
LOC111099135,4,3,1
LOC111099147,1,2,-1
LOC111099151,1,2,-1
LOC111099157,14,15,-1
LOC111099174,2,1,1
LOC111099196,2,4,-2
LOC111099222,3,4,-1
LOC111099415,1,2,-1
LOC111099430,1,2,-1
LOC111099435,0,1,-1
LOC111099441,0,1,-1
LOC111099443,2,1,1
LOC111099450,2,3,-1
LOC111099452,0,1,-1
LOC111099457,4,11,-7
LOC111099463,1,2,-1
LOC111099464,1,2,-1
LOC111099483,3,4,-1
LOC111099486,0,2,-2
LOC111099488,0,1,-1
LOC111099490,1,2,-1
LOC111099498,1,2,-1
LOC111099508,1,2,-1
LOC111099546,0,1,-1
LOC111099549,2,3,-1
LOC111099550,1,2,-1
LOC111099575,4,3,1
LOC111099583,1,2,-1
LOC111099594,2,1,1
LOC111099595,0,1,-1
LOC111099596,3,2,1
LOC111099600,2,3,-1
LOC111099615,4,5,-1
LOC111099636,1,0,1
LOC111099639,4,3,1
LOC111099642,1,2,-1
LOC111099646,2,1,1
LOC111099649,1,2,-1
LOC111099655,1,2,-1
LOC111099659,2,3,-1
LOC111099662,1,0,1
LOC111099663,5,3,2
LOC111099668,2,1,1
LOC111099673,0,1,-1
LOC111099678,2,3,-1
LOC111099692,7,6,1
LOC111099696,1,2,-1
LOC111099706,1,2,-1
LOC111099707,0,1,-1
LOC111099711,3,1,2
LOC111099719,1,0,1
LOC111099721,3,4,-1
LOC111099722,1,2,-1
LOC111099730,1,0,1
LOC111099737,5,6,-1
LOC111099747,4,5,-1
LOC111099759,1,0,1
LOC111099766,2,1,1
LOC111099767,0,1,-1
LOC111099781,3,4,-1
LOC111099789,2,1,1
LOC111099817,1,0,1
LOC111099840,0,1,-1
LOC111099849,3,1,2
LOC111099852,0,2,-2
LOC111099854,1,2,-1
LOC111099858,1,0,1
LOC111099870,7,8,-1
LOC111099877,1,2,-1
LOC111099886,5,4,1
LOC111099891,0,1,-1
LOC111099892,2,5,-3
LOC111099893,1,2,-1
LOC111099895,2,3,-1
LOC111099899,3,2,1
LOC111099903,1,2,-1
LOC111099905,0,4,-4
LOC111099911,3,4,-1
LOC111099912,1,0,1
LOC111099920,1,2,-1
LOC111099929,5,8,-3
LOC111099930,1,0,1
LOC111099944,2,1,1
LOC111099951,0,1,-1
LOC111099955,2,1,1
LOC111099963,1,2,-1
LOC111099967,1,2,-1
LOC111099980,8,12,-4
LOC111099987,2,4,-2
LOC111099995,3,5,-2
LOC111099999,2,0,2
LOC111100005,1,2,-1
LOC111100010,4,3,1
LOC111100011,2,3,-1
LOC111100018,1,2,-1
LOC111100020,2,1,1
LOC111100021,2,1,1
LOC111100026,3,8,-5
LOC111100030,3,1,2
LOC111100034,5,4,1
LOC111100053,0,1,-1
LOC111100056,1,2,-1
LOC111100057,2,1,1
LOC111100070,1,2,-1
LOC111100074,1,2,-1
LOC111100078,4,3,1
LOC111100080,1,2,-1
LOC111100093,2,1,1
LOC111100094,2,1,1
LOC111100100,1,2,-1
LOC111100114,2,1,1
LOC111100117,2,3,-1
LOC111100118,4,2,2
LOC111100123,0,1,-1
LOC111100126,0,1,-1
LOC111100133,1,2,-1
LOC111100136,1,2,-1
LOC111100140,0,1,-1
LOC111100143,5,6,-1
LOC111100144,1,3,-2
LOC111100152,1,2,-1
LOC111100154,12,9,3
LOC111100156,0,1,-1
LOC111100157,1,0,1
LOC111100169,1,4,-3
LOC111100176,5,6,-1
LOC111100182,1,2,-1
LOC111100192,5,6,-1
LOC111100207,2,3,-1
LOC111100217,0,1,-1
LOC111100225,1,2,-1
LOC111100229,1,2,-1
LOC111100234,2,1,1
LOC111100237,2,3,-1
LOC111100239,6,7,-1
LOC111100240,2,3,-1
LOC111100241,2,3,-1
LOC111100242,3,2,1
LOC111100254,1,2,-1
LOC111100278,3,4,-1
LOC111100279,2,1,1
LOC111100282,1,2,-1
LOC111100286,1,2,-1
LOC111100288,2,4,-2
LOC111100296,1,3,-2
LOC111100299,3,2,1
LOC111100313,0,1,-1
LOC111100314,1,2,-1
LOC111100320,2,3,-1
LOC111100324,2,1,1
LOC111100327,4,5,-1
LOC111100330,4,3,1
LOC111100331,1,3,-2
LOC111100334,2,1,1
LOC111100336,4,5,-1
LOC111100344,2,3,-1
LOC111100358,1,0,1
LOC111100370,0,1,-1
LOC111100375,4,6,-2
LOC111100379,1,2,-1
LOC111100389,4,6,-2
LOC111100390,3,4,-1
LOC111100391,1,2,-1
LOC111100396,1,2,-1
LOC111100398,2,3,-1
LOC111100404,2,1,1
LOC111100406,5,7,-2
LOC111100408,4,5,-1
LOC111100411,1,2,-1
LOC111100414,1,2,-1
LOC111100415,1,3,-2
LOC111100418,2,3,-1
LOC111100419,2,3,-1
LOC111100420,2,3,-1
LOC111100425,5,4,1
LOC111100426,6,7,-1
LOC111100441,6,4,2
LOC111100444,6,9,-3
LOC111100465,7,8,-1
LOC111100470,2,1,1
LOC111100471,4,5,-1
LOC111100472,1,2,-1
LOC111100474,1,0,1
LOC111100476,3,2,1
LOC111100477,3,2,1
LOC111100481,3,5,-2
LOC111100482,2,3,-1
LOC111100486,3,4,-1
LOC111100487,2,1,1
LOC111100494,1,2,-1
LOC111100506,2,1,1
LOC111100522,3,5,-2
LOC111100523,5,6,-1
LOC111100529,1,2,-1
LOC111100540,2,1,1
LOC111100543,1,2,-1
LOC111100548,6,8,-2
LOC111100551,2,1,1
LOC111100557,4,5,-1
LOC111100564,1,2,-1
LOC111100568,5,7,-2
LOC111100571,4,2,2
LOC111100572,2,1,1
LOC111100577,9,7,2
LOC111100586,5,6,-1
LOC111100587,2,3,-1
LOC111100632,3,4,-1
LOC111100642,2,3,-1
LOC111100734,2,4,-2
LOC111100751,0,1,-1
LOC111100752,3,2,1
LOC111100787,1,0,1
LOC111100788,5,4,1
LOC111100792,5,7,-2
LOC111100801,2,3,-1
LOC111100815,5,4,1
LOC111100821,1,2,-1
LOC111100824,1,2,-1
LOC111100840,2,5,-3
LOC111100854,1,2,-1
LOC111100858,4,3,1
LOC111100874,1,2,-1
LOC111100878,3,2,1
LOC111100894,3,5,-2
LOC111100896,7,9,-2
LOC111100897,4,5,-1
LOC111100899,0,1,-1
LOC111100906,2,3,-1
LOC111100914,3,2,1
LOC111100915,1,2,-1
LOC111100927,2,3,-1
LOC111100945,2,3,-1
LOC111100970,0,1,-1
LOC111100973,1,2,-1
LOC111100974,2,1,1
LOC111100989,6,8,-2
LOC111100993,2,3,-1
LOC111101001,0,2,-2
LOC111101006,3,4,-1
LOC111101010,1,2,-1
LOC111101014,1,2,-1
LOC111101018,1,3,-2
LOC111101021,1,2,-1
LOC111101023,2,3,-1
LOC111101026,1,2,-1
LOC111101028,3,2,1
LOC111101042,2,1,1
LOC111101049,3,5,-2
LOC111101050,4,7,-3
LOC111101055,5,4,1
LOC111101060,3,5,-2
LOC111101067,2,3,-1
LOC111101078,1,2,-1
LOC111101080,4,3,1
LOC111101098,0,1,-1
LOC111101104,1,0,1
LOC111101106,0,1,-1
LOC111101116,2,1,1
LOC111101134,2,3,-1
LOC111101136,2,3,-1
LOC111101138,3,4,-1
LOC111101139,1,2,-1
LOC111101151,2,1,1
LOC111101159,1,2,-1
LOC111101163,1,5,-4
LOC111101166,4,5,-1
LOC111101173,1,2,-1
LOC111101185,3,4,-1
LOC111101206,2,5,-3
LOC111101211,1,2,-1
LOC111101212,9,16,-7
LOC111101216,1,2,-1
LOC111101225,1,3,-2
LOC111101229,2,1,1
LOC111101241,2,1,1
LOC111101255,1,2,-1
LOC111101272,2,1,1
LOC111101276,2,3,-1
LOC111101304,1,2,-1
LOC111101311,1,0,1
LOC111101312,1,0,1
LOC111101329,2,3,-1
LOC111101366,2,3,-1
LOC111101369,2,3,-1
LOC111101371,2,1,1
LOC111101381,1,3,-2
LOC111101393,1,3,-2
LOC111101394,1,2,-1
LOC111101398,1,0,1
LOC111101410,2,1,1
LOC111101412,4,2,2
LOC111101414,1,2,-1
LOC111101445,1,2,-1
LOC111101448,5,4,1
LOC111101449,2,4,-2
LOC111101452,1,2,-1
LOC111101455,1,2,-1
LOC111101458,3,4,-1
LOC111101466,1,2,-1
LOC111101470,2,4,-2
LOC111101471,4,5,-1
LOC111101473,2,1,1
LOC111101494,1,0,1
LOC111101496,0,1,-1
LOC111101500,0,1,-1
LOC111101503,1,0,1
LOC111101517,3,4,-1
LOC111101537,0,1,-1
LOC111101543,1,2,-1
LOC111101549,2,4,-2
LOC111101582,0,1,-1
LOC111101601,1,2,-1
LOC111101603,6,4,2
LOC111101604,1,2,-1
LOC111101608,4,3,1
LOC111101612,3,4,-1
LOC111101621,2,4,-2
LOC111101625,1,2,-1
LOC111101627,0,1,-1
LOC111101628,1,2,-1
LOC111101652,3,4,-1
LOC111101664,1,2,-1
LOC111101677,2,1,1
LOC111101680,3,2,1
LOC111101681,1,2,-1
LOC111101685,0,1,-1
LOC111101692,0,1,-1
LOC111101706,1,2,-1
LOC111101714,0,1,-1
LOC111101719,0,1,-1
LOC111101727,1,2,-1
LOC111101736,2,4,-2
LOC111101738,1,0,1
LOC111101752,1,2,-1
LOC111101754,0,3,-3
LOC111101755,0,1,-1
LOC111101776,2,3,-1
LOC111101797,0,1,-1
LOC111101807,1,0,1
LOC111101809,1,2,-1
LOC111101815,1,2,-1
LOC111101824,0,1,-1
LOC111101825,0,1,-1
LOC111101826,0,1,-1
LOC111101830,2,1,1
LOC111101852,4,5,-1
LOC111101854,1,2,-1
LOC111101856,0,1,-1
LOC111101858,0,1,-1
LOC111101864,2,1,1
LOC111101871,5,3,2
LOC111101872,5,4,1
LOC111101876,2,3,-1
LOC111101882,0,1,-1
LOC111101883,6,4,2
LOC111101887,0,1,-1
LOC111101890,1,2,-1
LOC111101894,3,2,1
LOC111101897,1,0,1
LOC111101913,1,0,1
LOC111101938,1,0,1
LOC111102020,1,3,-2
LOC111102026,0,1,-1
LOC111102028,0,1,-1
LOC111102043,0,1,-1
LOC111102100,0,1,-1
LOC111102129,0,1,-1
LOC111102148,0,1,-1
LOC111102168,1,2,-1
LOC111102213,0,1,-1
LOC111102237,9,10,-1
LOC111102250,2,1,1
LOC111102256,0,1,-1
LOC111102260,0,1,-1
LOC111102261,0,1,-1
LOC111102278,4,3,1
LOC111102281,0,1,-1
LOC111102285,1,2,-1
LOC111102286,0,1,-1
LOC111102291,1,2,-1
LOC111102295,3,2,1
LOC111102303,1,2,-1
LOC111102310,0,1,-1
LOC111102339,3,2,1
LOC111102341,1,0,1
LOC111102342,1,2,-1
LOC111102348,1,2,-1
LOC111102359,1,2,-1
LOC111102361,11,10,1
LOC111102369,2,3,-1
LOC111102374,2,3,-1
LOC111102388,1,3,-2
LOC111102389,1,2,-1
LOC111102401,0,1,-1
LOC111102404,0,1,-1
LOC111102418,0,1,-1
LOC111102421,1,0,1
LOC111102422,2,1,1
LOC111102426,16,15,1
LOC111102432,1,3,-2
LOC111102435,2,3,-1
LOC111102446,2,3,-1
LOC111102450,1,2,-1
LOC111102463,2,3,-1
LOC111102475,2,3,-1
LOC111102485,3,2,1
LOC111102493,2,1,1
LOC111102495,5,7,-2
LOC111102500,1,2,-1
LOC111102508,2,1,1
LOC111102514,1,2,-1
LOC111102521,2,3,-1
LOC111102526,1,3,-2
LOC111102528,1,2,-1
LOC111102530,1,2,-1
LOC111102563,1,2,-1
LOC111102569,1,2,-1
LOC111102584,2,4,-2
LOC111102587,1,3,-2
LOC111102597,1,2,-1
LOC111102600,2,1,1
LOC111102618,0,1,-1
LOC111102619,1,2,-1
LOC111102633,1,2,-1
LOC111102648,1,2,-1
LOC111102660,1,2,-1
LOC111102662,1,2,-1
LOC111102663,1,2,-1
LOC111102664,0,1,-1
LOC111102668,1,2,-1
LOC111102674,3,2,1
LOC111102675,5,6,-1
LOC111102697,1,2,-1
LOC111102717,1,3,-2
LOC111102718,1,2,-1
LOC111102721,0,2,-2
LOC111102723,1,2,-1
LOC111102730,1,0,1
LOC111102736,1,2,-1
LOC111102745,2,3,-1
LOC111102793,1,0,1
LOC111102795,1,0,1
LOC111102810,2,3,-1
LOC111102817,2,3,-1
LOC111102820,1,3,-2
LOC111102833,18,21,-3
LOC111102834,3,4,-1
LOC111102835,2,1,1
LOC111102836,1,2,-1
LOC111102839,2,3,-1
LOC111102848,1,0,1
LOC111102852,2,1,1
LOC111102868,0,1,-1
LOC111102878,5,4,1
LOC111102887,2,1,1
LOC111102888,1,2,-1
LOC111102899,1,2,-1
LOC111102912,2,3,-1
LOC111102920,1,2,-1
LOC111102923,1,2,-1
LOC111102936,1,2,-1
LOC111102962,1,2,-1
LOC111102967,2,3,-1
LOC111102983,0,1,-1
LOC111102989,1,2,-1
LOC111103002,1,2,-1
LOC111103003,3,4,-1
LOC111103016,1,2,-1
LOC111103018,1,3,-2
LOC111103020,2,1,1
LOC111103024,2,5,-3
LOC111103028,1,2,-1
LOC111103055,2,1,1
LOC111103080,2,3,-1
LOC111103083,0,1,-1
LOC111103091,1,2,-1
LOC111103095,5,6,-1
LOC111103099,1,2,-1
LOC111103111,0,1,-1
LOC111103115,7,9,-2
LOC111103127,1,2,-1
LOC111103133,0,1,-1
LOC111103147,0,1,-1
LOC111103148,3,4,-1
LOC111103157,4,5,-1
LOC111103169,3,2,1
LOC111103175,1,2,-1
LOC111103176,4,5,-1
LOC111103179,0,1,-1
LOC111103180,1,2,-1
LOC111103182,2,3,-1
LOC111103196,0,1,-1
LOC111103215,2,3,-1
LOC111103219,0,1,-1
LOC111103222,0,1,-1
LOC111103223,7,6,1
LOC111103234,2,4,-2
LOC111103238,3,2,1
LOC111103243,1,0,1
LOC111103246,2,4,-2
LOC111103253,3,1,2
LOC111103262,2,1,1
LOC111103274,1,3,-2
LOC111103280,0,1,-1
LOC111103287,8,12,-4
LOC111103295,0,1,-1
LOC111103297,3,4,-1
LOC111103300,0,1,-1
LOC111103308,0,1,-1
LOC111103339,2,3,-1
LOC111103345,14,18,-4
LOC111103347,2,4,-2
LOC111103356,5,6,-1
LOC111103357,6,5,1
LOC111103368,1,0,1
LOC111103370,5,4,1
LOC111103381,1,2,-1
LOC111103386,0,1,-1
LOC111103387,3,5,-2
LOC111103393,6,7,-1
LOC111103396,6,8,-2
LOC111103405,2,4,-2
LOC111103417,3,2,1
LOC111103418,2,1,1
LOC111103430,6,5,1
LOC111103433,0,1,-1
LOC111103443,5,2,3
LOC111103460,0,1,-1
LOC111103465,5,4,1
LOC111103480,4,5,-1
LOC111103483,1,0,1
LOC111103485,4,5,-1
LOC111103505,1,2,-1
LOC111103506,0,1,-1
LOC111103510,2,1,1
LOC111103517,6,5,1
LOC111103518,2,3,-1
LOC111103519,1,2,-1
LOC111103550,1,2,-1
LOC111103553,2,3,-1
LOC111103560,4,5,-1
LOC111103570,2,3,-1
LOC111103585,2,1,1
LOC111103587,3,4,-1
LOC111103589,3,5,-2
LOC111103605,7,8,-1
LOC111103635,2,3,-1
LOC111103646,2,4,-2
LOC111103652,3,2,1
LOC111103658,4,5,-1
LOC111103677,1,2,-1
LOC111103697,1,2,-1
LOC111103744,4,5,-1
LOC111103782,1,2,-1
LOC111103790,1,2,-1
LOC111103798,1,2,-1
LOC111103804,3,4,-1
LOC111103809,5,7,-2
LOC111103814,7,5,2
LOC111103819,5,4,1
LOC111103821,2,1,1
LOC111103824,5,11,-6
LOC111103825,3,4,-1
LOC111103827,2,3,-1
LOC111103829,2,3,-1
LOC111103832,1,2,-1
LOC111103846,4,3,1
LOC111103854,1,0,1
LOC111103868,5,4,1
LOC111103877,4,3,1
LOC111103896,5,4,1
LOC111103901,3,5,-2
LOC111103904,2,3,-1
LOC111103928,1,2,-1
LOC111103929,1,2,-1
LOC111103930,6,7,-1
LOC111103932,0,1,-1
LOC111103948,2,3,-1
LOC111103949,1,2,-1
LOC111103954,2,1,1
LOC111103959,4,5,-1
LOC111103964,2,1,1
LOC111103965,4,5,-1
LOC111103967,4,5,-1
LOC111103981,1,2,-1
LOC111103991,1,2,-1
LOC111103996,3,4,-1
LOC111104008,5,6,-1
LOC111104009,2,3,-1
LOC111104023,1,2,-1
LOC111104030,2,1,1
LOC111104050,2,1,1
LOC111104053,2,3,-1
LOC111104055,2,3,-1
LOC111104063,9,7,2
LOC111104067,1,2,-1
LOC111104072,1,2,-1
LOC111104078,1,2,-1
LOC111104084,4,5,-1
LOC111104098,5,4,1
LOC111104107,1,2,-1
LOC111104108,2,3,-1
LOC111104112,6,8,-2
LOC111104116,3,4,-1
LOC111104117,1,3,-2
LOC111104158,2,1,1
LOC111104160,1,2,-1
LOC111104180,3,5,-2
LOC111104190,7,9,-2
LOC111104193,3,4,-1
LOC111104196,4,3,1
LOC111104211,3,2,1
LOC111104221,3,4,-1
LOC111104223,1,2,-1
LOC111104227,1,2,-1
LOC111104228,4,5,-1
LOC111104238,1,2,-1
LOC111104249,2,3,-1
LOC111104255,0,1,-1
LOC111104281,1,2,-1
LOC111104282,0,1,-1
LOC111104287,4,5,-1
LOC111104304,0,1,-1
LOC111104311,3,2,1
LOC111104321,2,1,1
LOC111104325,2,1,1
LOC111104354,2,1,1
LOC111104356,2,1,1
LOC111104367,2,1,1
LOC111104380,2,3,-1
LOC111104386,3,4,-1
LOC111104387,1,2,-1
LOC111104392,3,2,1
LOC111104395,2,1,1
LOC111104411,1,2,-1
LOC111104412,0,1,-1
LOC111104414,1,2,-1
LOC111104417,3,2,1
LOC111104421,3,1,2
LOC111104422,2,1,1
LOC111104431,3,4,-1
LOC111104432,7,8,-1
LOC111104447,2,1,1
LOC111104452,2,1,1
LOC111104459,0,1,-1
LOC111104474,1,2,-1
LOC111104485,1,2,-1
LOC111104491,1,2,-1
LOC111104497,3,1,2
LOC111104507,2,1,1
LOC111104511,1,2,-1
LOC111104518,6,5,1
LOC111104526,5,4,1
LOC111104545,1,2,-1
LOC111104557,1,2,-1
LOC111104558,1,2,-1
LOC111104562,0,1,-1
LOC111104572,1,2,-1
LOC111104591,2,3,-1
LOC111104627,0,2,-2
LOC111104628,1,2,-1
LOC111104629,25,23,2
LOC111104631,1,2,-1
LOC111104648,3,2,1
LOC111104653,2,1,1
LOC111104662,2,1,1
LOC111104674,1,2,-1
LOC111104684,1,2,-1
LOC111104688,3,2,1
LOC111104689,3,4,-1
LOC111104704,1,2,-1
LOC111104709,3,1,2
LOC111104711,1,2,-1
LOC111104714,3,4,-1
LOC111104727,0,1,-1
LOC111104731,0,1,-1
LOC111104732,1,2,-1
LOC111104733,0,1,-1
LOC111104737,2,1,1
LOC111104761,1,2,-1
LOC111104767,2,3,-1
LOC111104773,2,3,-1
LOC111104777,3,2,1
LOC111104786,2,1,1
LOC111104793,1,2,-1
LOC111104814,2,1,1
LOC111104820,2,1,1
LOC111104823,2,1,1
LOC111104825,4,3,1
LOC111104832,0,1,-1
LOC111104834,3,4,-1
LOC111104835,9,13,-4
LOC111104839,2,3,-1
LOC111104840,2,3,-1
LOC111104841,2,3,-1
LOC111104842,1,2,-1
LOC111104859,1,2,-1
LOC111104873,1,2,-1
LOC111104885,0,1,-1
LOC111104902,1,2,-1
LOC111104923,1,0,1
LOC111104940,0,1,-1
LOC111104944,0,1,-1
LOC111104945,0,1,-1
LOC111104973,0,1,-1
LOC111104999,1,0,1
LOC111105001,0,1,-1
LOC111105004,0,1,-1
LOC111105005,0,1,-1
LOC111105007,0,1,-1
LOC111105099,0,1,-1
LOC111105154,0,1,-1
LOC111105195,0,1,-1
LOC111105211,1,2,-1
LOC111105230,4,3,1
LOC111105237,2,3,-1
LOC111105238,2,1,1
LOC111105256,1,2,-1
LOC111105273,1,4,-3
LOC111105274,3,2,1
LOC111105276,1,2,-1
LOC111105280,2,4,-2
LOC111105285,1,2,-1
LOC111105290,0,1,-1
LOC111105304,5,2,3
LOC111105312,6,7,-1
LOC111105319,1,2,-1
LOC111105328,1,2,-1
LOC111105333,7,6,1
LOC111105355,2,1,1
LOC111105365,2,3,-1
LOC111105366,13,17,-4
LOC111105367,5,6,-1
LOC111105376,3,4,-1
LOC111105378,2,1,1
LOC111105383,0,1,-1
LOC111105397,2,1,1
LOC111105401,0,1,-1
LOC111105402,0,1,-1
LOC111105420,1,2,-1
LOC111105423,2,5,-3
LOC111105431,0,1,-1
LOC111105434,3,2,1
LOC111105450,2,3,-1
LOC111105462,2,3,-1
LOC111105464,1,2,-1
LOC111105471,1,3,-2
LOC111105478,1,2,-1
LOC111105479,1,2,-1
LOC111105480,1,3,-2
LOC111105482,1,2,-1
LOC111105494,1,2,-1
LOC111105496,0,1,-1
LOC111105499,3,2,1
LOC111105506,1,2,-1
LOC111105511,2,4,-2
LOC111105516,1,2,-1
LOC111105522,0,1,-1
LOC111105540,1,2,-1
LOC111105547,0,1,-1
LOC111105549,3,2,1
LOC111105552,2,3,-1
LOC111105554,0,1,-1
LOC111105579,2,3,-1
LOC111105580,2,3,-1
LOC111105591,1,3,-2
LOC111105611,1,0,1
LOC111105622,0,1,-1
LOC111105629,1,2,-1
LOC111105631,0,1,-1
LOC111105634,1,2,-1
LOC111105638,0,1,-1
LOC111105680,1,0,1
LOC111105713,4,3,1
LOC111105726,0,1,-1
LOC111105730,2,3,-1
LOC111105748,2,3,-1
LOC111105752,1,2,-1
LOC111105754,3,2,1
LOC111105763,1,3,-2
LOC111105775,2,1,1
LOC111105785,1,0,1
LOC111105790,0,1,-1
LOC111105801,2,4,-2
LOC111105804,1,2,-1
LOC111105807,14,15,-1
LOC111105810,2,3,-1
LOC111105814,0,2,-2
LOC111105823,0,1,-1
LOC111105825,1,2,-1
LOC111105830,1,2,-1
LOC111105831,1,2,-1
LOC111105838,0,1,-1
LOC111105840,2,3,-1
LOC111105847,3,4,-1
LOC111105852,2,3,-1
LOC111105874,0,1,-1
LOC111105882,3,4,-1
LOC111105887,0,1,-1
LOC111105891,1,2,-1
LOC111105904,11,12,-1
LOC111105916,3,4,-1
LOC111105920,2,3,-1
LOC111105922,1,2,-1
LOC111105923,3,4,-1
LOC111105931,2,1,1
LOC111105939,2,3,-1
LOC111105940,1,2,-1
LOC111105970,1,2,-1
LOC111105975,1,2,-1
LOC111105979,2,1,1
LOC111105982,1,2,-1
LOC111105983,0,3,-3
LOC111105993,0,1,-1
LOC111105995,0,1,-1
LOC111105996,0,1,-1
LOC111105998,0,1,-1
LOC111106007,1,2,-1
LOC111106008,1,2,-1
LOC111106009,1,2,-1
LOC111106026,7,6,1
LOC111106030,1,2,-1
LOC111106033,1,2,-1
LOC111106042,0,1,-1
LOC111106044,1,2,-1
LOC111106057,1,2,-1
LOC111106078,1,3,-2
LOC111106095,1,2,-1
LOC111106097,3,4,-1
LOC111106099,1,0,1
LOC111106112,2,1,1
LOC111106113,0,1,-1
LOC111106114,0,1,-1
LOC111106119,6,5,1
LOC111106135,2,1,1
LOC111106137,0,1,-1
LOC111106139,4,3,1
LOC111106140,2,1,1
LOC111106150,1,2,-1
LOC111106154,3,2,1
LOC111106157,1,2,-1
LOC111106160,0,1,-1
LOC111106166,2,1,1
LOC111106177,0,1,-1
LOC111106190,1,2,-1
LOC111106199,4,5,-1
LOC111106203,2,1,1
LOC111106209,1,2,-1
LOC111106214,1,0,1
LOC111106228,2,1,1
LOC111106240,8,7,1
LOC111106242,1,2,-1
LOC111106245,1,2,-1
LOC111106260,1,3,-2
LOC111106267,2,3,-1
LOC111106281,0,2,-2
LOC111106287,1,0,1
LOC111106302,0,2,-2
LOC111106304,1,2,-1
LOC111106307,2,3,-1
LOC111106313,1,0,1
LOC111106336,3,4,-1
LOC111106344,1,2,-1
LOC111106349,2,1,1
LOC111106352,1,2,-1
LOC111106384,2,1,1
LOC111106389,2,3,-1
LOC111106412,2,1,1
LOC111106413,0,1,-1
LOC111106420,3,2,1
LOC111106425,2,3,-1
LOC111106430,0,1,-1
LOC111106438,3,4,-1
LOC111106453,0,1,-1
LOC111106461,1,2,-1
LOC111106465,6,5,1
LOC111106466,2,1,1
LOC111106471,0,2,-2
LOC111106481,2,1,1
LOC111106488,0,1,-1
LOC111106496,3,2,1
LOC111106498,1,2,-1
LOC111106502,1,2,-1
LOC111106504,1,2,-1
LOC111106508,4,3,1
LOC111106514,1,3,-2
LOC111106558,1,2,-1
LOC111106572,1,0,1
LOC111106576,2,3,-1
LOC111106580,1,2,-1
LOC111106605,1,2,-1
LOC111106614,1,2,-1
LOC111106618,1,2,-1
LOC111106620,1,2,-1
LOC111106639,13,10,3
LOC111106653,1,2,-1
LOC111106656,1,3,-2
LOC111106663,1,2,-1
LOC111106667,3,4,-1
LOC111106668,2,4,-2
LOC111106679,0,1,-1
LOC111106688,0,1,-1
LOC111106702,1,2,-1
LOC111106705,1,2,-1
LOC111106711,1,0,1
LOC111106714,1,2,-1
LOC111106717,1,2,-1
LOC111106739,1,2,-1
LOC111106749,1,3,-2
LOC111106751,2,1,1
LOC111106752,8,7,1
LOC111106754,5,4,1
LOC111106755,2,1,1
LOC111106761,0,1,-1
LOC111106764,1,2,-1
LOC111106765,2,1,1
LOC111106768,2,1,1
LOC111106778,1,2,-1
LOC111106779,1,2,-1
LOC111106808,2,3,-1
LOC111106828,2,1,1
LOC111106830,6,7,-1
LOC111106834,2,1,1
LOC111106842,1,2,-1
LOC111106843,1,0,1
LOC111106859,2,3,-1
LOC111106862,3,4,-1
LOC111106865,0,1,-1
LOC111106867,3,2,1
LOC111106874,2,3,-1
LOC111106876,2,1,1
LOC111106885,2,3,-1
LOC111106889,1,2,-1
LOC111106890,2,1,1
LOC111106894,0,1,-1
LOC111106940,2,1,1
LOC111106944,1,2,-1
LOC111106946,0,2,-2
LOC111106951,1,2,-1
LOC111106952,2,1,1
LOC111106958,1,2,-1
LOC111106967,3,2,1
LOC111106979,1,2,-1
LOC111106980,11,13,-2
LOC111107009,4,3,1
LOC111107018,1,2,-1
LOC111107025,2,3,-1
LOC111107031,0,1,-1
LOC111107048,2,3,-1
LOC111107057,1,2,-1
LOC111107058,3,4,-1
LOC111107062,1,2,-1
LOC111107064,7,8,-1
LOC111107068,2,1,1
LOC111107084,4,3,1
LOC111107093,1,2,-1
LOC111107094,2,4,-2
LOC111107097,1,2,-1
LOC111107099,2,3,-1
LOC111107115,0,1,-1
LOC111107118,3,4,-1
LOC111107131,0,1,-1
LOC111107141,0,1,-1
LOC111107144,3,5,-2
LOC111107147,0,1,-1
LOC111107154,9,7,2
LOC111107155,7,8,-1
LOC111107170,2,3,-1
LOC111107177,1,3,-2
LOC111107184,1,0,1
LOC111107185,3,4,-1
LOC111107186,1,2,-1
LOC111107197,2,1,1
LOC111107203,0,1,-1
LOC111107204,4,8,-4
LOC111107224,4,5,-1
LOC111107250,4,7,-3
LOC111107266,3,4,-1
LOC111107267,1,0,1
LOC111107269,0,1,-1
LOC111107271,2,3,-1
LOC111107278,9,8,1
LOC111107281,1,2,-1
LOC111107284,4,3,1
LOC111107298,3,2,1
LOC111107314,0,1,-1
LOC111107319,0,1,-1
LOC111107326,2,3,-1
LOC111107328,16,9,7
LOC111107349,6,5,1
LOC111107386,0,1,-1
LOC111107397,1,0,1
LOC111107402,5,4,1
LOC111107411,1,2,-1
LOC111107417,0,1,-1
LOC111107422,3,5,-2
LOC111107424,1,2,-1
LOC111107435,0,1,-1
LOC111107443,7,9,-2
LOC111107462,5,7,-2
LOC111107485,2,1,1
LOC111107486,1,2,-1
LOC111107489,1,2,-1
LOC111107508,2,3,-1
LOC111107510,1,2,-1
LOC111107518,9,7,2
LOC111107545,5,7,-2
LOC111107549,1,4,-3
LOC111107551,2,3,-1
LOC111107556,1,2,-1
LOC111107574,4,5,-1
LOC111107576,1,2,-1
LOC111107583,1,0,1
LOC111107585,1,0,1
LOC111107623,0,1,-1
LOC111107662,2,4,-2
LOC111107663,1,2,-1
LOC111107667,1,2,-1
LOC111107668,3,2,1
LOC111107669,4,3,1
LOC111107671,1,2,-1
LOC111107672,3,4,-1
LOC111107695,7,5,2
LOC111107698,1,2,-1
LOC111107728,1,2,-1
LOC111107731,8,9,-1
LOC111107739,1,5,-4
LOC111107745,0,1,-1
LOC111107748,1,2,-1
LOC111107757,2,3,-1
LOC111107767,2,3,-1
LOC111107778,0,1,-1
LOC111107779,3,2,1
LOC111107781,3,4,-1
LOC111107791,1,0,1
LOC111107809,1,2,-1
LOC111107815,2,3,-1
LOC111107822,3,4,-1
LOC111107823,2,3,-1
LOC111107827,4,5,-1
LOC111107832,3,4,-1
LOC111107835,3,1,2
LOC111107847,1,2,-1
LOC111107854,3,4,-1
LOC111107855,1,2,-1
LOC111107864,0,1,-1
LOC111107881,1,3,-2
LOC111107884,1,2,-1
LOC111107889,0,1,-1
LOC111107911,1,3,-2
LOC111107913,15,12,3
LOC111107917,5,3,2
LOC111107930,2,1,1
LOC111107933,10,12,-2
LOC111107935,2,3,-1
LOC111107938,2,3,-1
LOC111107940,1,2,-1
LOC111107947,2,3,-1
LOC111107949,2,3,-1
LOC111107955,3,4,-1
LOC111107967,1,2,-1
LOC111107978,1,2,-1
LOC111107985,2,3,-1
LOC111107992,2,3,-1
LOC111107997,4,3,1
LOC111108010,6,5,1
LOC111108012,2,1,1
LOC111108016,1,2,-1
LOC111108022,4,6,-2
LOC111108034,0,1,-1
LOC111108035,0,1,-1
LOC111108036,0,1,-1
LOC111108043,2,3,-1
LOC111108045,1,2,-1
LOC111108046,2,1,1
LOC111108055,1,3,-2
LOC111108060,4,3,1
LOC111108061,5,4,1
LOC111108079,0,1,-1
LOC111108081,2,4,-2
LOC111108086,15,12,3
LOC111108089,3,5,-2
LOC111108092,2,4,-2
LOC111108094,3,4,-1
LOC111108097,0,1,-1
LOC111108116,1,2,-1
LOC111108121,1,4,-3
LOC111108126,1,2,-1
LOC111108143,3,2,1
LOC111108144,3,2,1
LOC111108145,2,3,-1
LOC111108147,1,2,-1
LOC111108158,0,1,-1
LOC111108167,6,8,-2
LOC111108169,2,3,-1
LOC111108172,1,2,-1
LOC111108179,4,5,-1
LOC111108181,3,2,1
LOC111108185,4,5,-1
LOC111108190,2,3,-1
LOC111108194,1,2,-1
LOC111108197,1,2,-1
LOC111108199,2,3,-1
LOC111108206,1,2,-1
LOC111108221,1,2,-1
LOC111108222,3,4,-1
LOC111108228,3,4,-1
LOC111108231,1,2,-1
LOC111108234,2,3,-1
LOC111108240,2,1,1
LOC111108243,2,3,-1
LOC111108248,3,4,-1
LOC111108249,4,5,-1
LOC111108265,3,2,1
LOC111108266,1,2,-1
LOC111108274,4,3,1
LOC111108304,3,2,1
LOC111108305,4,3,1
LOC111108320,1,2,-1
LOC111108332,1,2,-1
LOC111108353,3,2,1
LOC111108355,2,1,1
LOC111108361,5,6,-1
LOC111108367,2,1,1
LOC111108370,5,6,-1
LOC111108372,2,1,1
LOC111108381,2,3,-1
LOC111108398,1,2,-1
LOC111108407,2,1,1
LOC111108410,2,3,-1
LOC111108428,3,5,-2
LOC111108431,1,2,-1
LOC111108439,8,9,-1
LOC111108443,2,3,-1
LOC111108451,2,1,1
LOC111108476,4,5,-1
LOC111108479,3,4,-1
LOC111108495,2,1,1
LOC111108501,6,5,1
LOC111108503,2,4,-2
LOC111108507,1,2,-1
LOC111108519,4,3,1
LOC111108523,3,4,-1
LOC111108534,1,2,-1
LOC111108536,2,1,1
LOC111108558,1,2,-1
LOC111108561,1,2,-1
LOC111108565,1,2,-1
LOC111108574,2,3,-1
LOC111108586,3,4,-1
LOC111108604,3,2,1
LOC111108615,3,4,-1
LOC111108621,1,2,-1
LOC111108638,1,2,-1
LOC111108644,1,2,-1
LOC111108653,5,6,-1
LOC111108656,1,2,-1
LOC111108663,2,3,-1
LOC111108670,2,4,-2
LOC111108681,0,1,-1
LOC111108686,0,1,-1
LOC111108687,0,1,-1
LOC111108695,2,3,-1
LOC111108700,2,3,-1
LOC111108704,3,2,1
LOC111108711,2,3,-1
LOC111108726,2,3,-1
LOC111108749,1,2,-1
LOC111108758,2,1,1
LOC111108768,1,2,-1
LOC111108769,5,7,-2
LOC111108771,2,3,-1
LOC111108772,3,4,-1
LOC111108782,1,3,-2
LOC111108787,1,2,-1
LOC111108830,1,0,1
LOC111108835,6,7,-1
LOC111108876,1,0,1
LOC111108884,0,1,-1
LOC111108901,4,3,1
LOC111108937,0,1,-1
LOC111108940,0,1,-1
LOC111108941,0,1,-1
LOC111109021,1,0,1
LOC111109132,1,2,-1
LOC111109141,0,1,-1
LOC111109154,2,1,1
LOC111109192,0,1,-1
LOC111109200,0,1,-1
LOC111109202,0,1,-1
LOC111109203,0,1,-1
LOC111109312,0,1,-1
LOC111109317,0,1,-1
LOC111109402,2,3,-1
LOC111109404,1,2,-1
LOC111109414,4,5,-1
LOC111109417,1,2,-1
LOC111109419,1,2,-1
LOC111109424,4,1,3
LOC111109432,1,2,-1
LOC111109447,1,2,-1
LOC111109449,1,2,-1
LOC111109455,2,3,-1
LOC111109456,1,2,-1
LOC111109474,2,1,1
LOC111109483,1,2,-1
LOC111109489,2,3,-1
LOC111109495,2,4,-2
LOC111109497,1,2,-1
LOC111109515,1,2,-1
LOC111109517,2,1,1
LOC111109524,2,1,1
LOC111109527,3,4,-1
LOC111109543,2,3,-1
LOC111109550,1,3,-2
LOC111109561,2,4,-2
LOC111109585,2,3,-1
LOC111109611,3,4,-1
LOC111109629,1,2,-1
LOC111109630,1,2,-1
LOC111109641,2,3,-1
LOC111109655,4,5,-1
LOC111109657,2,5,-3
LOC111109663,1,2,-1
LOC111109664,4,5,-1
LOC111109671,3,2,1
LOC111109695,0,1,-1
LOC111109698,2,1,1
LOC111109705,1,2,-1
LOC111109723,2,1,1
LOC111109727,1,2,-1
LOC111109728,0,1,-1
LOC111109744,1,3,-2
LOC111109749,2,3,-1
LOC111109750,1,2,-1
LOC111109767,1,2,-1
LOC111109768,4,3,1
LOC111109770,2,1,1
LOC111109821,1,2,-1
LOC111109829,1,2,-1
LOC111109831,1,2,-1
LOC111109833,2,1,1
LOC111109852,1,2,-1
LOC111109862,1,2,-1
LOC111109885,4,6,-2
LOC111109916,4,2,2
LOC111109963,1,2,-1
LOC111109973,6,7,-1
LOC111109974,1,2,-1
LOC111109979,0,1,-1
LOC111109985,1,0,1
LOC111109991,2,1,1
LOC111110011,1,2,-1
LOC111110014,3,2,1
LOC111110017,2,3,-1
LOC111110018,2,1,1
LOC111110021,3,4,-1
LOC111110028,6,9,-3
LOC111110033,2,3,-1
LOC111110046,0,1,-1
LOC111110063,1,2,-1
LOC111110069,1,2,-1
LOC111110073,4,3,1
LOC111110078,1,2,-1
LOC111110083,5,10,-5
LOC111110088,2,3,-1
LOC111110093,4,5,-1
LOC111110094,2,0,2
LOC111110101,1,2,-1
LOC111110102,2,1,1
LOC111110104,2,1,1
LOC111110106,1,2,-1
LOC111110125,2,3,-1
LOC111110130,2,1,1
LOC111110131,2,3,-1
LOC111110134,0,1,-1
LOC111110142,4,3,1
LOC111110143,1,2,-1
LOC111110149,1,2,-1
LOC111110171,1,2,-1
LOC111110179,2,3,-1
LOC111110186,0,1,-1
LOC111110192,4,3,1
LOC111110196,2,1,1
LOC111110199,3,4,-1
LOC111110204,2,1,1
LOC111110218,1,2,-1
LOC111110223,1,2,-1
LOC111110228,2,1,1
LOC111110231,0,1,-1
LOC111110239,3,2,1
LOC111110244,5,7,-2
LOC111110249,2,1,1
LOC111110250,3,4,-1
LOC111110280,2,3,-1
LOC111110286,0,1,-1
LOC111110290,1,2,-1
LOC111110296,2,3,-1
LOC111110297,6,7,-1
LOC111110303,1,2,-1
LOC111110316,2,3,-1
LOC111110318,1,2,-1
LOC111110324,1,2,-1
LOC111110325,0,1,-1
LOC111110347,6,5,1
LOC111110349,0,2,-2
LOC111110352,3,4,-1
LOC111110355,1,2,-1
LOC111110367,1,2,-1
LOC111110371,1,2,-1
LOC111110383,1,2,-1
LOC111110394,1,2,-1
LOC111110396,1,2,-1
LOC111110400,0,1,-1
LOC111110407,1,2,-1
LOC111110413,2,1,1
LOC111110421,4,3,1
LOC111110476,1,5,-4
LOC111110477,1,3,-2
LOC111110481,1,0,1
LOC111110494,3,2,1
LOC111110495,8,7,1
LOC111110503,5,4,1
LOC111110506,1,2,-1
LOC111110509,3,2,1
LOC111110517,6,7,-1
LOC111110526,2,5,-3
LOC111110529,0,1,-1
LOC111110540,3,4,-1
LOC111110545,3,2,1
LOC111110553,1,0,1
LOC111110585,1,2,-1
LOC111110622,2,1,1
LOC111110628,1,2,-1
LOC111110632,1,2,-1
LOC111110634,1,2,-1
LOC111110637,3,4,-1
LOC111110640,2,3,-1
LOC111110648,2,1,1
LOC111110650,1,0,1
LOC111110661,1,2,-1
LOC111110671,4,5,-1
LOC111110672,1,2,-1
LOC111110680,0,1,-1
LOC111110715,1,2,-1
LOC111110720,2,3,-1
LOC111110739,6,8,-2
LOC111110748,4,6,-2
LOC111110752,2,1,1
LOC111110756,3,4,-1
LOC111110773,0,1,-1
LOC111110783,2,1,1
LOC111110798,2,3,-1
LOC111110802,1,2,-1
LOC111110803,0,1,-1
LOC111110811,2,3,-1
LOC111110813,1,2,-1
LOC111110816,1,2,-1
LOC111110817,1,3,-2
LOC111110820,3,4,-1
LOC111110829,0,1,-1
LOC111110840,1,2,-1
LOC111110845,1,2,-1
LOC111110858,1,0,1
LOC111110867,5,4,1
LOC111110875,1,2,-1
LOC111110876,1,2,-1
LOC111110883,1,2,-1
LOC111110886,1,2,-1
LOC111110890,4,5,-1
LOC111110908,1,2,-1
LOC111110910,1,5,-4
LOC111110913,0,1,-1
LOC111110917,1,2,-1
LOC111110929,2,3,-1
LOC111110933,1,0,1
LOC111110934,0,1,-1
LOC111110942,2,3,-1
LOC111110946,6,7,-1
LOC111110954,2,1,1
LOC111110965,3,4,-1
LOC111110972,0,1,-1
LOC111110979,7,9,-2
LOC111110996,0,2,-2
LOC111110997,14,13,1
LOC111110999,2,1,1
LOC111111003,3,2,1
LOC111111013,3,4,-1
LOC111111023,2,1,1
LOC111111025,2,3,-1
LOC111111048,2,5,-3
LOC111111050,8,9,-1
LOC111111052,0,1,-1
LOC111111058,6,5,1
LOC111111067,0,1,-1
LOC111111077,2,1,1
LOC111111097,0,2,-2
LOC111111099,4,2,2
LOC111111101,2,1,1
LOC111111109,1,0,1
LOC111111110,0,1,-1
LOC111111134,1,2,-1
LOC111111136,3,4,-1
LOC111111138,0,1,-1
LOC111111168,1,2,-1
LOC111111178,0,1,-1
LOC111111185,1,2,-1
LOC111111193,0,1,-1
LOC111111215,4,5,-1
LOC111111224,2,3,-1
LOC111111228,1,2,-1
LOC111111230,2,3,-1
LOC111111240,2,3,-1
LOC111111241,2,0,2
LOC111111242,1,0,1
LOC111111243,1,2,-1
LOC111111245,1,2,-1
LOC111111248,3,2,1
LOC111111255,1,5,-4
LOC111111269,2,3,-1
LOC111111289,2,4,-2
LOC111111297,3,4,-1
LOC111111311,5,6,-1
LOC111111314,2,3,-1
LOC111111320,1,3,-2
LOC111111333,6,7,-1
LOC111111337,1,2,-1
LOC111111343,1,2,-1
LOC111111345,1,2,-1
LOC111111347,0,1,-1
LOC111111350,1,2,-1
LOC111111352,1,2,-1
LOC111111359,1,2,-1
LOC111111361,6,7,-1
LOC111111365,3,4,-1
LOC111111367,2,3,-1
LOC111111376,4,3,1
LOC111111392,15,11,4
LOC111111403,2,3,-1
LOC111111406,1,0,1
LOC111111407,1,2,-1
LOC111111409,2,1,1
LOC111111411,0,1,-1
LOC111111423,0,1,-1
LOC111111441,2,1,1
LOC111111451,4,3,1
LOC111111464,3,4,-1
LOC111111487,9,10,-1
LOC111111494,1,2,-1
LOC111111495,0,1,-1
LOC111111514,1,2,-1
LOC111111520,3,5,-2
LOC111111527,2,3,-1
LOC111111531,2,1,1
LOC111111533,1,2,-1
LOC111111542,1,2,-1
LOC111111546,2,3,-1
LOC111111569,3,4,-1
LOC111111570,1,2,-1
LOC111111588,1,2,-1
LOC111111589,2,3,-1
LOC111111620,1,2,-1
LOC111111627,2,1,1
LOC111111635,0,1,-1
LOC111111640,1,2,-1
LOC111111646,4,5,-1
LOC111111657,2,3,-1
LOC111111664,0,1,-1
LOC111111666,5,3,2
LOC111111670,1,2,-1
LOC111111671,1,2,-1
LOC111111673,1,2,-1
LOC111111679,2,3,-1
LOC111111690,3,2,1
LOC111111698,2,3,-1
LOC111111704,2,5,-3
LOC111111713,4,5,-1
LOC111111727,0,1,-1
LOC111111748,1,2,-1
LOC111111750,0,4,-4
LOC111111755,0,1,-1
LOC111111757,0,1,-1
LOC111111775,1,0,1
LOC111111776,1,2,-1
LOC111111779,2,1,1
LOC111111799,1,2,-1
LOC111111803,0,1,-1
LOC111111812,3,2,1
LOC111111813,1,2,-1
LOC111111821,2,1,1
LOC111111822,2,1,1
LOC111111832,3,4,-1
LOC111111864,1,2,-1
LOC111111867,1,2,-1
LOC111111871,2,3,-1
LOC111111879,1,2,-1
LOC111111883,1,2,-1
LOC111111886,3,4,-1
LOC111111906,2,3,-1
LOC111111912,1,2,-1
LOC111111928,0,1,-1
LOC111111940,0,2,-2
LOC111111941,5,7,-2
LOC111111946,2,3,-1
LOC111111960,2,1,1
LOC111111963,0,1,-1
LOC111111967,1,0,1
LOC111111971,1,0,1
LOC111111972,3,4,-1
LOC111111983,3,5,-2
LOC111111986,2,1,1
LOC111111991,1,3,-2
LOC111111998,3,2,1
LOC111112006,3,5,-2
LOC111112013,3,5,-2
LOC111112022,1,2,-1
LOC111112028,3,6,-3
LOC111112032,1,2,-1
LOC111112037,2,3,-1
LOC111112053,0,1,-1
LOC111112062,2,1,1
LOC111112074,1,2,-1
LOC111112080,1,3,-2
LOC111112082,4,5,-1
LOC111112092,1,2,-1
LOC111112095,1,2,-1
LOC111112100,3,2,1
LOC111112104,0,1,-1
LOC111112108,1,2,-1
LOC111112117,5,6,-1
LOC111112121,1,2,-1
LOC111112126,3,5,-2
LOC111112129,4,3,1
LOC111112130,4,5,-1
LOC111112131,7,9,-2
LOC111112135,2,1,1
LOC111112158,1,2,-1
LOC111112166,1,2,-1
LOC111112167,0,1,-1
LOC111112168,2,3,-1
LOC111112171,1,3,-2
LOC111112173,2,3,-1
LOC111112175,3,1,2
LOC111112201,3,2,1
LOC111112204,3,5,-2
LOC111112211,1,2,-1
LOC111112216,3,4,-1
LOC111112221,2,3,-1
LOC111112230,0,1,-1
LOC111112264,0,1,-1
LOC111112266,3,4,-1
LOC111112268,1,2,-1
LOC111112269,1,2,-1
LOC111112287,2,1,1
LOC111112292,3,2,1
LOC111112301,2,5,-3
LOC111112304,3,4,-1
LOC111112311,0,1,-1
LOC111112312,1,2,-1
LOC111112330,3,4,-1
LOC111112335,1,0,1
LOC111112343,0,1,-1
LOC111112346,1,0,1
LOC111112347,0,1,-1
LOC111112350,4,7,-3
LOC111112361,0,1,-1
LOC111112365,1,2,-1
LOC111112369,2,1,1
LOC111112373,1,0,1
LOC111112375,1,3,-2
LOC111112379,0,1,-1
LOC111112387,2,3,-1
LOC111112396,1,2,-1
LOC111112400,3,4,-1
LOC111112425,2,1,1
LOC111112433,3,4,-1
LOC111112452,2,4,-2
LOC111112457,1,0,1
LOC111112463,1,0,1
LOC111112470,0,1,-1
LOC111112478,2,3,-1
LOC111112487,5,3,2
LOC111112501,3,2,1
LOC111112510,2,3,-1
LOC111112513,1,2,-1
LOC111112514,1,0,1
LOC111112520,0,1,-1
LOC111112522,2,3,-1
LOC111112565,2,1,1
LOC111112567,0,1,-1
LOC111112570,1,2,-1
LOC111112585,10,11,-1
LOC111112588,14,17,-3
LOC111112603,2,3,-1
LOC111112605,15,19,-4
LOC111112612,3,5,-2
LOC111112615,1,2,-1
LOC111112617,1,2,-1
LOC111112620,15,16,-1
LOC111112624,3,4,-1
LOC111112626,0,1,-1
LOC111112629,1,6,-5
LOC111112653,4,3,1
LOC111112655,7,9,-2
LOC111112657,1,3,-2
LOC111112669,2,4,-2
LOC111112674,2,3,-1
LOC111112679,1,2,-1
LOC111112685,5,4,1
LOC111112688,1,3,-2
LOC111112706,2,3,-1
LOC111112710,1,2,-1
LOC111112719,1,2,-1
LOC111112720,4,9,-5
LOC111112733,7,8,-1
LOC111112735,0,1,-1
LOC111112739,0,1,-1
LOC111112740,2,1,1
LOC111112744,4,6,-2
LOC111112757,1,2,-1
LOC111112767,1,2,-1
LOC111112774,3,2,1
LOC111112780,4,5,-1
LOC111112791,2,3,-1
LOC111112794,6,8,-2
LOC111112800,2,1,1
LOC111112803,6,4,2
LOC111112806,5,3,2
LOC111112810,4,5,-1
LOC111112811,4,5,-1
LOC111112816,1,2,-1
LOC111112838,0,1,-1
LOC111112852,1,2,-1
LOC111112883,2,3,-1
LOC111112889,0,1,-1
LOC111112894,1,3,-2
LOC111112898,2,1,1
LOC111112902,3,1,2
LOC111112903,1,2,-1
LOC111112912,2,3,-1
LOC111112916,1,2,-1
LOC111112922,2,3,-1
LOC111112963,3,4,-1
LOC111112966,1,2,-1
LOC111112968,3,2,1
LOC111112970,3,2,1
LOC111112990,2,3,-1
LOC111112991,6,9,-3
LOC111112999,2,3,-1
LOC111113003,2,3,-1
LOC111113013,2,3,-1
LOC111113019,2,3,-1
LOC111113024,1,2,-1
LOC111113031,1,2,-1
LOC111113033,4,3,1
LOC111113035,2,3,-1
LOC111113048,2,1,1
LOC111113053,2,3,-1
LOC111113056,3,4,-1
LOC111113062,5,1,4
LOC111113078,0,1,-1
LOC111113086,2,3,-1
LOC111113088,0,2,-2
LOC111113099,2,1,1
LOC111113101,0,1,-1
LOC111113107,1,3,-2
LOC111113108,0,1,-1
LOC111113109,2,1,1
LOC111113110,0,1,-1
LOC111113154,0,1,-1
LOC111113157,1,5,-4
LOC111113166,2,3,-1
LOC111113170,1,2,-1
LOC111113173,9,12,-3
LOC111113184,1,2,-1
LOC111113188,3,2,1
LOC111113192,1,2,-1
LOC111113194,1,2,-1
LOC111113198,2,3,-1
LOC111113208,2,8,-6
LOC111113215,9,8,1
LOC111113220,2,3,-1
LOC111113221,1,2,-1
LOC111113223,1,2,-1
LOC111113225,2,3,-1
LOC111113231,1,2,-1
LOC111113239,3,2,1
LOC111113240,1,2,-1
LOC111113249,4,5,-1
LOC111113256,2,3,-1
LOC111113267,2,3,-1
LOC111113274,0,4,-4
LOC111113275,0,1,-1
LOC111113276,1,2,-1
LOC111113281,1,2,-1
LOC111113290,1,2,-1
LOC111113294,1,2,-1
LOC111113300,1,3,-2
LOC111113309,6,5,1
LOC111113327,2,3,-1
LOC111113342,1,2,-1
LOC111113345,2,3,-1
LOC111113355,6,7,-1
LOC111113358,4,3,1
LOC111113363,2,3,-1
LOC111113366,1,2,-1
LOC111113377,1,2,-1
LOC111113398,2,1,1
LOC111113399,3,4,-1
LOC111113416,5,4,1
LOC111113422,1,2,-1
LOC111113428,6,8,-2
LOC111113430,2,3,-1
LOC111113434,3,2,1
LOC111113443,1,2,-1
LOC111113447,3,4,-1
LOC111113449,1,2,-1
LOC111113457,0,1,-1
LOC111113459,1,0,1
LOC111113519,1,0,1
LOC111113524,3,4,-1
LOC111113601,1,0,1
LOC111113611,0,1,-1
LOC111113619,0,1,-1
LOC111113620,0,1,-1
LOC111113638,0,1,-1
LOC111113642,1,0,1
LOC111113643,0,1,-1
LOC111113645,1,0,1
LOC111113655,1,0,1
LOC111113656,1,0,1
LOC111113670,0,1,-1
LOC111113689,0,1,-1
LOC111113691,0,1,-1
LOC111113694,1,0,1
LOC111113719,0,1,-1
LOC111113746,1,0,1
LOC111113760,1,0,1
LOC111113804,0,1,-1
LOC111113839,0,1,-1
LOC111113858,0,1,-1
LOC111113867,0,1,-1
LOC111113876,0,1,-1
LOC111113886,0,1,-1
LOC111113938,0,1,-1
LOC111113945,1,0,1
LOC111114037,2,1,1
LOC111114075,4,3,1
LOC111114134,5,4,1
LOC111114137,0,1,-1
LOC111114177,1,0,1
LOC111114185,0,1,-1
LOC111114190,0,1,-1
LOC111114216,0,1,-1
LOC111114239,1,0,1
LOC111114240,2,3,-1
LOC111114347,8,7,1
LOC111114359,0,1,-1
LOC111114401,0,1,-1
LOC111114448,3,4,-1
LOC111114451,3,2,1
LOC111114454,1,2,-1
LOC111114459,3,4,-1
LOC111114462,2,1,1
LOC111114475,4,3,1
LOC111114488,4,5,-1
LOC111114491,2,3,-1
LOC111114492,1,3,-2
LOC111114495,0,3,-3
LOC111114500,1,2,-1
LOC111114503,1,2,-1
LOC111114512,1,0,1
LOC111114518,1,2,-1
LOC111114519,2,1,1
LOC111114547,2,1,1
LOC111114553,1,2,-1
LOC111114581,2,1,1
LOC111114587,2,3,-1
LOC111114601,2,3,-1
LOC111114603,2,1,1
LOC111114614,1,2,-1
LOC111114644,2,3,-1
LOC111114650,4,3,1
LOC111114658,0,1,-1
LOC111114664,1,2,-1
LOC111114668,1,2,-1
LOC111114685,1,2,-1
LOC111114692,1,2,-1
LOC111114705,1,2,-1
LOC111114709,1,2,-1
LOC111114714,3,4,-1
LOC111114715,1,3,-2
LOC111114721,3,4,-1
LOC111114722,2,1,1
LOC111114724,3,2,1
LOC111114725,1,2,-1
LOC111114726,1,0,1
LOC111114740,1,2,-1
LOC111114755,2,3,-1
LOC111114771,3,4,-1
LOC111114790,1,2,-1
LOC111114791,1,2,-1
LOC111114793,1,2,-1
LOC111114807,5,8,-3
LOC111114820,2,3,-1
LOC111114825,6,3,3
LOC111114842,3,2,1
LOC111114853,1,2,-1
LOC111114855,2,1,1
LOC111114859,3,2,1
LOC111114862,1,3,-2
LOC111114863,2,1,1
LOC111114864,3,2,1
LOC111114865,2,3,-1
LOC111114887,3,2,1
LOC111114891,1,2,-1
LOC111114896,1,2,-1
LOC111114900,6,7,-1
LOC111114901,7,8,-1
LOC111114910,2,4,-2
LOC111114913,3,6,-3
LOC111114933,1,2,-1
LOC111114936,2,3,-1
LOC111114947,3,4,-1
LOC111114952,3,1,2
LOC111114954,2,3,-1
LOC111114959,1,2,-1
LOC111114972,0,2,-2
LOC111114985,2,1,1
LOC111115000,1,2,-1
LOC111115001,2,1,1
LOC111115004,0,1,-1
LOC111115005,2,3,-1
LOC111115007,0,1,-1
LOC111115010,1,2,-1
LOC111115011,2,1,1
LOC111115023,0,1,-1
LOC111115025,1,2,-1
LOC111115028,0,1,-1
LOC111115029,0,1,-1
LOC111115039,1,0,1
LOC111115048,2,1,1
LOC111115054,0,1,-1
LOC111115064,2,3,-1
LOC111115081,1,0,1
LOC111115083,1,0,1
LOC111115084,4,3,1
LOC111115090,1,2,-1
LOC111115092,2,5,-3
LOC111115100,1,2,-1
LOC111115107,6,4,2
LOC111115122,9,7,2
LOC111115123,6,8,-2
LOC111115138,3,4,-1
LOC111115146,2,3,-1
LOC111115163,2,1,1
LOC111115176,2,3,-1
LOC111115187,2,0,2
LOC111115202,2,1,1
LOC111115206,1,2,-1
LOC111115214,1,0,1
LOC111115219,2,1,1
LOC111115238,1,2,-1
LOC111115253,2,1,1
LOC111115259,2,4,-2
LOC111115280,2,1,1
LOC111115287,1,2,-1
LOC111115295,1,0,1
LOC111115298,1,2,-1
LOC111115301,5,7,-2
LOC111115304,1,2,-1
LOC111115305,1,2,-1
LOC111115309,0,1,-1
LOC111115313,1,0,1
LOC111115316,0,1,-1
LOC111115333,4,3,1
LOC111115341,7,4,3
LOC111115342,8,7,1
LOC111115353,1,3,-2
LOC111115356,2,1,1
LOC111115402,0,2,-2
LOC111115407,1,2,-1
LOC111115408,1,2,-1
LOC111115409,1,2,-1
LOC111115412,1,2,-1
LOC111115416,2,1,1
LOC111115424,2,3,-1
LOC111115435,2,1,1
LOC111115437,2,1,1
LOC111115441,9,7,2
LOC111115446,3,4,-1
LOC111115447,0,1,-1
LOC111115453,1,2,-1
LOC111115457,0,1,-1
LOC111115460,3,4,-1
LOC111115474,4,3,1
LOC111115500,2,4,-2
LOC111115502,0,1,-1
LOC111115511,1,0,1
LOC111115516,0,1,-1
LOC111115531,1,2,-1
LOC111115533,1,2,-1
LOC111115544,1,2,-1
LOC111115547,1,2,-1
LOC111115550,2,1,1
LOC111115551,4,3,1
LOC111115556,3,2,1
LOC111115566,2,1,1
LOC111115581,3,4,-1
LOC111115585,1,2,-1
LOC111115604,2,3,-1
LOC111115617,1,2,-1
LOC111115622,2,1,1
LOC111115624,6,5,1
LOC111115632,2,1,1
LOC111115638,3,2,1
LOC111115641,2,1,1
LOC111115650,0,1,-1
LOC111115656,1,3,-2
LOC111115679,0,1,-1
LOC111115682,3,2,1
LOC111115735,1,2,-1
LOC111115746,1,3,-2
LOC111115761,2,1,1
LOC111115765,1,2,-1
LOC111115788,2,1,1
LOC111115790,2,1,1
LOC111115794,2,1,1
LOC111115795,12,11,1
LOC111115797,1,2,-1
LOC111115823,0,1,-1
LOC111115824,1,2,-1
LOC111115832,3,4,-1
LOC111115834,3,1,2
LOC111115837,0,1,-1
LOC111115851,3,2,1
LOC111115867,1,0,1
LOC111115878,1,2,-1
LOC111115879,3,5,-2
LOC111115882,2,3,-1
LOC111115896,7,8,-1
LOC111115902,1,0,1
LOC111115912,3,4,-1
LOC111115920,6,4,2
LOC111115933,0,1,-1
LOC111115934,0,1,-1
LOC111115938,1,3,-2
LOC111115943,2,3,-1
LOC111115955,1,2,-1
LOC111115976,3,2,1
LOC111115979,4,5,-1
LOC111115980,2,1,1
LOC111115981,1,2,-1
LOC111115995,3,4,-1
LOC111116003,0,3,-3
LOC111116017,2,3,-1
LOC111116033,1,2,-1
LOC111116037,2,3,-1
LOC111116042,16,15,1
LOC111116056,3,2,1
LOC111116059,1,2,-1
LOC111116067,1,0,1
LOC111116071,2,1,1
LOC111116098,3,2,1
LOC111116100,1,2,-1
LOC111116103,0,1,-1
LOC111116124,3,4,-1
LOC111116125,2,1,1
LOC111116128,2,3,-1
LOC111116130,1,2,-1
LOC111116142,1,2,-1
LOC111116149,0,1,-1
LOC111116176,3,2,1
LOC111116201,2,1,1
LOC111116204,1,2,-1
LOC111116220,2,3,-1
LOC111116258,3,2,1
LOC111116352,9,11,-2
LOC111116519,6,7,-1
LOC111116552,0,1,-1
LOC111116558,0,1,-1
LOC111116561,0,1,-1
LOC111116630,2,3,-1
LOC111116632,2,3,-1
LOC111116633,3,2,1
LOC111116661,1,2,-1
LOC111116665,2,1,1
LOC111116675,0,1,-1
LOC111116681,1,0,1
LOC111116693,1,2,-1
LOC111116713,3,4,-1
LOC111116724,1,2,-1
LOC111116747,2,3,-1
LOC111116775,0,1,-1
LOC111116787,2,4,-2
LOC111116790,2,1,1
LOC111116791,2,1,1
LOC111116798,1,0,1
LOC111116814,1,3,-2
LOC111116816,2,3,-1
LOC111116833,0,1,-1
LOC111116837,1,2,-1
LOC111116840,3,4,-1
LOC111116844,1,2,-1
LOC111116845,2,4,-2
LOC111116851,2,1,1
LOC111116869,10,11,-1
LOC111116878,0,1,-1
LOC111116888,2,1,1
LOC111116890,2,5,-3
LOC111116894,1,2,-1
LOC111116897,1,0,1
LOC111116899,0,1,-1
LOC111116900,1,0,1
LOC111116923,0,1,-1
LOC111116931,1,2,-1
LOC111116945,1,2,-1
LOC111116957,1,0,1
LOC111116960,2,1,1
LOC111116964,0,1,-1
LOC111116972,1,2,-1
LOC111116982,1,2,-1
LOC111116984,4,3,1
LOC111116994,4,3,1
LOC111117014,1,0,1
LOC111117016,4,3,1
LOC111117020,3,2,1
LOC111117027,1,2,-1
LOC111117030,1,2,-1
LOC111117040,3,4,-1
LOC111117045,2,1,1
LOC111117047,2,1,1
LOC111117062,1,2,-1
LOC111117065,1,2,-1
LOC111117070,2,4,-2
LOC111117080,0,1,-1
LOC111117085,2,4,-2
LOC111117101,1,2,-1
LOC111117111,0,1,-1
LOC111117117,1,2,-1
LOC111117139,2,3,-1
LOC111117153,4,3,1
LOC111117185,0,1,-1
LOC111117205,4,3,1
LOC111117281,1,2,-1
LOC111117303,1,2,-1
LOC111117310,2,4,-2
LOC111117329,1,0,1
LOC111117330,8,9,-1
LOC111117346,0,1,-1
LOC111117349,0,1,-1
LOC111117363,2,3,-1
LOC111117366,2,1,1
LOC111117369,2,4,-2
LOC111117378,2,1,1
LOC111117388,2,3,-1
LOC111117393,1,2,-1
LOC111117395,2,1,1
LOC111117400,2,3,-1
LOC111117456,4,7,-3
LOC111117461,1,2,-1
LOC111117474,2,1,1
LOC111117475,5,3,2
LOC111117501,2,3,-1
LOC111117512,2,1,1
LOC111117517,1,2,-1
LOC111117525,1,2,-1
LOC111117535,2,1,1
LOC111117567,2,3,-1
LOC111117580,1,4,-3
LOC111117614,0,1,-1
LOC111117629,1,2,-1
LOC111117631,1,2,-1
LOC111117635,1,2,-1
LOC111117637,2,1,1
LOC111117641,2,1,1
LOC111117647,1,2,-1
LOC111117650,4,3,1
LOC111117659,1,2,-1
LOC111117688,0,1,-1
LOC111117691,2,1,1
LOC111117699,1,2,-1
LOC111117700,1,2,-1
LOC111117705,1,2,-1
LOC111117706,2,1,1
LOC111117722,1,3,-2
LOC111117728,1,2,-1
LOC111117735,4,6,-2
LOC111117736,3,5,-2
LOC111117737,1,2,-1
LOC111117739,7,8,-1
LOC111117740,11,12,-1
LOC111117742,5,7,-2
LOC111117750,2,3,-1
LOC111117755,3,6,-3
LOC111117756,1,2,-1
LOC111117762,1,2,-1
LOC111117764,2,3,-1
LOC111117794,0,1,-1
LOC111117802,1,2,-1
LOC111117803,3,4,-1
LOC111117833,2,1,1
LOC111117839,0,1,-1
LOC111117861,4,5,-1
LOC111117878,2,1,1
LOC111117881,2,1,1
LOC111117884,0,1,-1
LOC111117910,3,4,-1
LOC111117911,1,2,-1
LOC111117928,3,5,-2
LOC111117929,1,2,-1
LOC111117931,2,1,1
LOC111117947,1,2,-1
LOC111117955,1,2,-1
LOC111117968,2,5,-3
LOC111117980,1,2,-1
LOC111117992,2,3,-1
LOC111117997,4,3,1
LOC111118004,2,3,-1
LOC111118014,2,1,1
LOC111118026,4,6,-2
LOC111118027,1,3,-2
LOC111118032,2,1,1
LOC111118035,1,2,-1
LOC111118073,1,2,-1
LOC111118074,1,3,-2
LOC111118094,4,6,-2
LOC111118110,1,2,-1
LOC111118124,3,2,1
LOC111118130,2,1,1
LOC111118132,1,2,-1
LOC111118150,5,4,1
LOC111118171,1,2,-1
LOC111118188,1,2,-1
LOC111118203,2,1,1
LOC111118210,3,2,1
LOC111118239,8,9,-1
LOC111118242,2,1,1
LOC111118247,3,5,-2
LOC111118257,6,7,-1
LOC111118277,1,2,-1
LOC111118289,1,2,-1
LOC111118299,1,2,-1
LOC111118315,3,4,-1
LOC111118317,2,3,-1
LOC111118325,1,2,-1
LOC111118341,2,1,1
LOC111118367,7,10,-3
LOC111118371,3,4,-1
LOC111118379,8,10,-2
LOC111118380,1,3,-2
LOC111118393,3,2,1
LOC111118399,1,2,-1
LOC111118407,8,9,-1
LOC111118414,0,1,-1
LOC111118417,2,1,1
LOC111118432,1,2,-1
LOC111118439,5,4,1
LOC111118449,4,5,-1
LOC111118454,1,2,-1
LOC111118458,1,2,-1
LOC111118462,1,2,-1
LOC111118463,1,2,-1
LOC111118486,2,3,-1
LOC111118497,9,7,2
LOC111118516,1,2,-1
LOC111118541,3,2,1
LOC111118550,2,1,1
LOC111118558,5,6,-1
LOC111118562,3,2,1
LOC111118570,6,7,-1
LOC111118577,1,2,-1
LOC111118579,1,2,-1
LOC111118580,1,2,-1
LOC111118600,3,5,-2
LOC111118615,2,1,1
LOC111118622,2,3,-1
LOC111118654,7,5,2
LOC111118672,1,2,-1
LOC111118681,1,0,1
LOC111118684,6,5,1
LOC111118686,3,2,1
LOC111118691,1,2,-1
LOC111118698,1,2,-1
LOC111118723,1,3,-2
LOC111118726,1,2,-1
LOC111118736,0,1,-1
LOC111118737,6,7,-1
LOC111118753,3,2,1
LOC111118784,0,1,-1
LOC111118796,1,2,-1
LOC111118802,1,2,-1
LOC111118813,3,4,-1
LOC111118823,6,7,-1
LOC111118838,2,1,1
LOC111118842,1,2,-1
LOC111118843,19,21,-2
LOC111118864,10,11,-1
LOC111118865,0,1,-1
LOC111118898,2,3,-1
LOC111118900,2,1,1
LOC111118906,4,5,-1
LOC111118918,2,3,-1
LOC111118925,3,4,-1
LOC111118936,1,2,-1
LOC111118940,1,2,-1
LOC111118944,6,7,-1
LOC111118990,7,8,-1
LOC111118992,11,12,-1
LOC111119008,11,14,-3
LOC111119015,6,7,-1
LOC111119016,3,5,-2
LOC111119021,4,3,1
LOC111119030,1,2,-1
LOC111119031,2,1,1
LOC111119041,1,2,-1
LOC111119088,2,3,-1
LOC111119097,1,2,-1
LOC111119098,3,5,-2
LOC111119102,3,4,-1
LOC111119104,1,2,-1
LOC111119124,5,10,-5
LOC111119144,1,2,-1
LOC111119147,2,3,-1
LOC111119160,1,2,-1
LOC111119176,1,2,-1
LOC111119183,4,3,1
LOC111119194,4,6,-2
LOC111119207,4,6,-2
LOC111119208,1,3,-2
LOC111119209,2,5,-3
LOC111119215,5,6,-1
LOC111119226,4,6,-2
LOC111119231,6,7,-1
LOC111119232,1,2,-1
LOC111119235,3,4,-1
LOC111119241,0,1,-1
LOC111119255,8,9,-1
LOC111119264,2,1,1
LOC111119267,4,5,-1
LOC111119282,3,2,1
LOC111119286,2,3,-1
LOC111119290,4,8,-4
LOC111119298,1,2,-1
LOC111119301,1,2,-1
LOC111119315,1,2,-1
LOC111119316,1,2,-1
LOC111119319,3,4,-1
LOC111119326,2,3,-1
LOC111119349,3,4,-1
LOC111119355,2,1,1
LOC111119358,5,4,1
LOC111119375,4,5,-1
LOC111119395,3,2,1
LOC111119398,1,2,-1
LOC111119401,5,6,-1
LOC111119405,4,5,-1
LOC111119421,3,4,-1
LOC111119422,12,13,-1
LOC111119423,1,0,1
LOC111119425,1,2,-1
LOC111119426,5,8,-3
LOC111119447,1,2,-1
LOC111119467,2,3,-1
LOC111119469,3,2,1
LOC111119490,2,3,-1
LOC111119497,0,1,-1
LOC111119530,6,8,-2
LOC111119532,6,8,-2
LOC111119535,10,9,1
LOC111119539,1,2,-1
LOC111119551,2,1,1
LOC111119552,5,4,1
LOC111119555,4,5,-1
LOC111119562,4,3,1
LOC111119574,7,11,-4
LOC111119582,5,3,2
LOC111119585,4,5,-1
LOC111119594,8,11,-3
LOC111119613,3,4,-1
LOC111119621,5,6,-1
LOC111119630,9,8,1
LOC111119636,3,4,-1
LOC111119640,10,8,2
LOC111119643,5,4,1
LOC111119644,3,4,-1
LOC111119656,2,3,-1
LOC111119667,2,1,1
LOC111119715,1,2,-1
LOC111119718,1,2,-1
LOC111119720,1,2,-1
LOC111119727,3,5,-2
LOC111119730,1,3,-2
LOC111119733,6,8,-2
LOC111119756,1,2,-1
LOC111119763,2,1,1
LOC111119769,1,2,-1
LOC111119785,1,2,-1
LOC111119787,1,2,-1
LOC111119793,1,3,-2
LOC111119794,3,2,1
LOC111119811,2,3,-1
LOC111119816,1,2,-1
LOC111119819,3,4,-1
LOC111119829,2,1,1
LOC111119835,1,2,-1
LOC111119839,2,1,1
LOC111119843,1,3,-2
LOC111119845,2,4,-2
LOC111119848,3,4,-1
LOC111119854,4,6,-2
LOC111119856,0,1,-1
LOC111119859,6,7,-1
LOC111119864,7,6,1
LOC111119865,2,1,1
LOC111119866,3,5,-2
LOC111119867,5,4,1
LOC111119872,3,2,1
LOC111119877,2,1,1
LOC111119883,2,1,1
LOC111119893,2,3,-1
LOC111119910,1,2,-1
LOC111119946,2,3,-1
LOC111119949,4,5,-1
LOC111119980,1,2,-1
LOC111119985,1,0,1
LOC111119988,4,5,-1
LOC111120008,1,2,-1
LOC111120018,6,8,-2
LOC111120025,3,4,-1
LOC111120028,2,1,1
LOC111120050,2,3,-1
LOC111120056,1,2,-1
LOC111120059,1,2,-1
LOC111120061,1,0,1
LOC111120077,2,3,-1
LOC111120090,3,4,-1
LOC111120100,2,3,-1
LOC111120118,4,7,-3
LOC111120125,4,3,1
LOC111120128,7,5,2
LOC111120179,3,4,-1
LOC111120198,1,0,1
LOC111120244,2,3,-1
LOC111120257,0,1,-1
LOC111120262,5,4,1
LOC111120381,1,2,-1
LOC111120402,0,1,-1
LOC111120403,0,1,-1
LOC111120407,1,2,-1
LOC111120429,1,0,1
LOC111120466,3,2,1
LOC111120467,2,3,-1
LOC111120472,1,2,-1
LOC111120473,2,3,-1
LOC111120475,1,2,-1
LOC111120476,3,4,-1
LOC111120480,3,2,1
LOC111120484,1,2,-1
LOC111120485,3,4,-1
LOC111120495,2,1,1
LOC111120506,1,2,-1
LOC111120510,3,4,-1
LOC111120517,4,9,-5
LOC111120518,2,4,-2
LOC111120524,4,3,1
LOC111120525,3,4,-1
LOC111120537,1,2,-1
LOC111120548,2,1,1
LOC111120551,3,4,-1
LOC111120588,2,3,-1
LOC111120592,1,2,-1
LOC111120593,5,9,-4
LOC111120594,2,4,-2
LOC111120596,5,4,1
LOC111120598,5,7,-2
LOC111120610,5,4,1
LOC111120622,1,2,-1
LOC111120635,1,2,-1
LOC111120642,3,2,1
LOC111120657,11,9,2
LOC111120670,1,2,-1
LOC111120678,5,4,1
LOC111120684,3,2,1
LOC111120694,5,7,-2
LOC111120703,2,3,-1
LOC111120720,1,2,-1
LOC111120727,2,1,1
LOC111120730,1,2,-1
LOC111120734,2,3,-1
LOC111120749,2,3,-1
LOC111120759,6,8,-2
LOC111120761,4,3,1
LOC111120789,2,1,1
LOC111120819,2,3,-1
LOC111120823,3,2,1
LOC111120840,2,1,1
LOC111120859,1,0,1
LOC111120866,1,2,-1
LOC111120874,7,6,1
LOC111120878,1,2,-1
LOC111120885,3,5,-2
LOC111120898,6,7,-1
LOC111120907,7,8,-1
LOC111120910,1,2,-1
LOC111120915,2,4,-2
LOC111120921,2,3,-1
LOC111120950,6,5,1
LOC111120964,5,4,1
LOC111120967,3,5,-2
LOC111121002,1,2,-1
LOC111121006,3,5,-2
LOC111121012,2,1,1
LOC111121014,1,2,-1
LOC111121029,3,2,1
LOC111121030,1,2,-1
LOC111121032,2,1,1
LOC111121065,1,2,-1
LOC111121069,2,1,1
LOC111121073,3,4,-1
LOC111121075,1,2,-1
LOC111121103,2,3,-1
LOC111121113,1,2,-1
LOC111121114,1,2,-1
LOC111121141,5,4,1
LOC111121154,2,1,1
LOC111121184,13,12,1
LOC111121186,4,5,-1
LOC111121193,1,2,-1
LOC111121204,1,2,-1
LOC111121214,2,1,1
LOC111121247,1,2,-1
LOC111121257,4,5,-1
LOC111121258,1,2,-1
LOC111121265,1,2,-1
LOC111121278,4,3,1
LOC111121298,1,2,-1
LOC111121313,8,11,-3
LOC111121325,1,2,-1
LOC111121353,1,2,-1
LOC111121354,2,1,1
LOC111121357,2,3,-1
LOC111121358,5,6,-1
LOC111121359,1,2,-1
LOC111121367,1,2,-1
LOC111121373,4,5,-1
LOC111121377,1,3,-2
LOC111121383,1,2,-1
LOC111121395,2,3,-1
LOC111121399,2,1,1
LOC111121405,3,6,-3
LOC111121411,2,1,1
LOC111121415,2,3,-1
LOC111121420,3,4,-1
LOC111121430,2,1,1
LOC111121431,2,1,1
LOC111121445,2,0,2
LOC111121458,1,2,-1
LOC111121470,1,2,-1
LOC111121471,1,2,-1
LOC111121492,2,1,1
LOC111121498,1,2,-1
LOC111121512,2,1,1
LOC111121523,2,4,-2
LOC111121530,4,5,-1
LOC111121537,2,3,-1
LOC111121562,2,3,-1
LOC111121565,3,2,1
LOC111121571,1,2,-1
LOC111121579,0,1,-1
LOC111121580,4,3,1
LOC111121586,1,2,-1
LOC111121596,1,2,-1
LOC111121598,1,2,-1
LOC111121605,2,3,-1
LOC111121659,1,2,-1
LOC111121668,1,2,-1
LOC111121697,2,1,1
LOC111121700,1,2,-1
LOC111121708,1,2,-1
LOC111121712,6,5,1
LOC111121715,1,2,-1
LOC111121716,1,2,-1
LOC111121730,1,2,-1
LOC111121733,5,6,-1
LOC111121734,5,4,1
LOC111121735,1,2,-1
LOC111121737,1,2,-1
LOC111121744,1,2,-1
LOC111121745,4,5,-1
LOC111121775,2,3,-1
LOC111121795,1,2,-1
LOC111121826,2,3,-1
LOC111121830,1,4,-3
LOC111121839,9,8,1
LOC111121846,3,2,1
LOC111121849,4,3,1
LOC111121853,5,3,2
LOC111121865,1,2,-1
LOC111121866,1,2,-1
LOC111121868,1,2,-1
LOC111121880,1,3,-2
LOC111121882,2,3,-1
LOC111121893,3,4,-1
LOC111121905,1,2,-1
LOC111121913,1,2,-1
LOC111121927,2,1,1
LOC111121977,3,4,-1
LOC111121986,4,3,1
LOC111121989,2,3,-1
LOC111122008,3,2,1
LOC111122016,6,7,-1
LOC111122018,2,1,1
LOC111122047,5,4,1
LOC111122054,1,2,-1
LOC111122063,2,3,-1
LOC111122071,1,3,-2
LOC111122132,2,1,1
LOC111122144,1,4,-3
LOC111122157,1,2,-1
LOC111122170,3,2,1
LOC111122205,2,3,-1
LOC111122213,1,2,-1
LOC111122214,1,2,-1
LOC111122216,4,3,1
LOC111122220,2,4,-2
LOC111122241,2,1,1
LOC111122242,1,2,-1
LOC111122284,1,2,-1
LOC111122285,1,2,-1
LOC111122289,1,2,-1
LOC111122291,6,5,1
LOC111122295,1,2,-1
LOC111122296,4,5,-1
LOC111122300,3,4,-1
LOC111122301,1,3,-2
LOC111122302,1,2,-1
LOC111122315,1,2,-1
LOC111122316,17,20,-3
LOC111122333,4,3,1
LOC111122336,3,2,1
LOC111122344,2,1,1
LOC111122350,3,6,-3
LOC111122351,4,3,1
LOC111122356,2,5,-3
LOC111122357,1,2,-1
LOC111122363,1,3,-2
LOC111122365,1,2,-1
LOC111122368,5,11,-6
LOC111122379,1,2,-1
LOC111122387,2,1,1
LOC111122401,4,5,-1
LOC111122406,1,2,-1
LOC111122416,1,2,-1
LOC111122419,2,4,-2
LOC111122443,2,1,1
LOC111122487,1,2,-1
LOC111122494,5,6,-1
LOC111122511,3,4,-1
LOC111122514,3,4,-1
LOC111122528,1,2,-1
LOC111122540,3,5,-2
LOC111122544,2,1,1
LOC111122584,2,3,-1
LOC111122599,2,1,1
LOC111122602,7,8,-1
LOC111122608,1,2,-1
LOC111122621,0,3,-3
LOC111122631,0,1,-1
LOC111122632,0,1,-1
LOC111122636,9,8,1
LOC111122641,2,3,-1
LOC111122662,1,2,-1
LOC111122665,2,3,-1
LOC111122667,2,1,1
LOC111122671,2,3,-1
LOC111122678,2,1,1
LOC111122684,1,3,-2
LOC111122689,3,4,-1
LOC111122706,3,2,1
LOC111122752,6,7,-1
LOC111122766,0,1,-1
LOC111122773,14,15,-1
LOC111122775,1,2,-1
LOC111122781,2,1,1
LOC111122797,2,3,-1
LOC111122801,6,5,1
LOC111122802,2,3,-1
LOC111122803,3,2,1
LOC111122811,10,14,-4
LOC111122822,3,4,-1
LOC111122830,5,4,1
LOC111122837,6,7,-1
LOC111122852,2,4,-2
LOC111122855,1,2,-1
LOC111122875,3,4,-1
LOC111122879,2,1,1
LOC111122884,2,1,1
LOC111122902,1,2,-1
LOC111122912,1,2,-1
LOC111122927,0,1,-1
LOC111122929,2,3,-1
LOC111122940,7,9,-2
LOC111122945,1,2,-1
LOC111122951,1,2,-1
LOC111122954,1,2,-1
LOC111122959,2,1,1
LOC111122974,0,1,-1
LOC111122977,0,1,-1
LOC111122987,3,4,-1
LOC111122998,6,5,1
LOC111123027,1,2,-1
LOC111123038,1,2,-1
LOC111123050,0,1,-1
LOC111123054,1,2,-1
LOC111123092,2,1,1
LOC111123098,2,4,-2
LOC111123102,1,2,-1
LOC111123132,1,2,-1
LOC111123135,1,2,-1
LOC111123137,2,1,1
LOC111123141,1,2,-1
LOC111123151,2,3,-1
LOC111123177,1,2,-1
LOC111123180,2,4,-2
LOC111123204,6,7,-1
LOC111123207,4,7,-3
LOC111123218,3,5,-2
LOC111123221,4,3,1
LOC111123231,1,2,-1
LOC111123243,7,11,-4
LOC111123246,2,1,1
LOC111123253,1,3,-2
LOC111123264,5,6,-1
LOC111123273,2,1,1
LOC111123278,3,4,-1
LOC111123294,3,4,-1
LOC111123312,1,2,-1
LOC111123318,2,1,1
LOC111123324,3,1,2
LOC111123329,1,2,-1
LOC111123331,2,3,-1
LOC111123341,7,5,2
LOC111123343,2,4,-2
LOC111123353,2,1,1
LOC111123365,1,2,-1
LOC111123371,2,3,-1
LOC111123372,1,2,-1
LOC111123390,2,3,-1
LOC111123395,1,2,-1
LOC111123409,4,3,1
LOC111123414,1,2,-1
LOC111123418,2,3,-1
LOC111123423,2,3,-1
LOC111123460,5,9,-4
LOC111123465,0,1,-1
LOC111123472,0,1,-1
LOC111123480,3,2,1
LOC111123483,10,12,-2
LOC111123486,7,8,-1
LOC111123492,18,19,-1
LOC111123497,3,4,-1
LOC111123501,4,1,3
LOC111123513,1,0,1
LOC111123549,1,2,-1
LOC111123550,4,3,1
LOC111123571,2,3,-1
LOC111123575,7,8,-1
LOC111123585,3,5,-2
LOC111123597,1,2,-1
LOC111123610,8,11,-3
LOC111123612,3,2,1
LOC111123617,2,3,-1
LOC111123627,2,1,1
LOC111123631,4,3,1
LOC111123636,1,2,-1
LOC111123637,1,2,-1
LOC111123648,10,11,-1
LOC111123656,1,2,-1
LOC111123661,2,4,-2
LOC111123663,1,2,-1
LOC111123664,5,3,2
LOC111123669,1,2,-1
LOC111123670,1,2,-1
LOC111123691,6,10,-4
LOC111123692,4,6,-2
LOC111123700,4,3,1
LOC111123716,2,1,1
LOC111123721,1,2,-1
LOC111123726,2,1,1
LOC111123731,6,1,5
LOC111123743,11,9,2
LOC111123749,2,3,-1
LOC111123756,2,1,1
LOC111123764,2,3,-1
LOC111123771,1,2,-1
LOC111123785,1,2,-1
LOC111123790,7,6,1
LOC111123802,6,11,-5
LOC111123806,5,7,-2
LOC111123807,1,2,-1
LOC111123814,2,3,-1
LOC111123817,2,3,-1
LOC111123825,10,9,1
LOC111123832,1,2,-1
LOC111123856,2,1,1
LOC111123858,1,2,-1
LOC111123864,2,1,1
LOC111123882,2,1,1
LOC111123886,1,2,-1
LOC111123890,14,16,-2
LOC111123894,2,3,-1
LOC111123901,4,5,-1
LOC111123904,4,5,-1
LOC111123905,2,3,-1
LOC111123907,4,5,-1
LOC111123910,13,17,-4
LOC111123912,2,3,-1
LOC111123922,2,3,-1
LOC111123928,3,4,-1
LOC111123934,3,2,1
LOC111123938,3,4,-1
LOC111123943,3,2,1
LOC111123946,1,2,-1
LOC111123960,8,9,-1
LOC111123967,1,0,1
LOC111123970,5,6,-1
LOC111123971,3,2,1
LOC111123973,3,2,1
LOC111123979,7,6,1
LOC111123983,12,9,3
LOC111123995,1,3,-2
LOC111124002,6,7,-1
LOC111124011,3,4,-1
LOC111124022,2,5,-3
LOC111124025,2,3,-1
LOC111124026,8,9,-1
LOC111124036,6,8,-2
LOC111124124,1,0,1
LOC111124130,0,1,-1
LOC111124155,1,2,-1
LOC111124466,4,9,-5
LOC111124467,3,2,1
LOC111124469,4,3,1
LOC111124470,2,1,1
LOC111124476,4,3,1
LOC111124486,1,3,-2
LOC111124489,1,3,-2
LOC111124493,9,8,1
LOC111124494,4,9,-5
LOC111124495,5,3,2
LOC111124502,4,5,-1
LOC111124528,3,4,-1
LOC111124529,2,3,-1
LOC111124552,7,6,1
LOC111124556,2,3,-1
LOC111124570,1,2,-1
LOC111124575,3,4,-1
LOC111124576,4,2,2
LOC111124585,2,3,-1
LOC111124597,6,5,1
LOC111124599,5,6,-1
LOC111124602,0,3,-3
LOC111124611,1,2,-1
LOC111124612,5,4,1
LOC111124613,1,2,-1
LOC111124618,3,4,-1
LOC111124633,7,8,-1
LOC111124642,10,8,2
LOC111124650,4,6,-2
LOC111124658,2,3,-1
LOC111124666,5,6,-1
LOC111124669,2,3,-1
LOC111124674,4,2,2
LOC111124681,2,4,-2
LOC111124682,2,1,1
LOC111124686,1,2,-1
LOC111124691,0,1,-1
LOC111124692,6,8,-2
LOC111124695,4,3,1
LOC111124698,4,3,1
LOC111124719,7,6,1
LOC111124729,3,4,-1
LOC111124747,6,8,-2
LOC111124749,1,2,-1
LOC111124756,4,5,-1
LOC111124769,1,2,-1
LOC111124772,4,5,-1
LOC111124808,4,5,-1
LOC111124809,5,4,1
LOC111124835,1,2,-1
LOC111124845,3,2,1
LOC111124850,2,3,-1
LOC111124854,1,6,-5
LOC111124859,2,3,-1
LOC111124862,8,9,-1
LOC111124864,1,2,-1
LOC111124871,2,3,-1
LOC111124900,2,4,-2
LOC111124901,1,2,-1
LOC111124902,1,2,-1
LOC111124904,8,11,-3
LOC111124905,4,3,1
LOC111124908,2,3,-1
LOC111124909,4,5,-1
LOC111124920,2,1,1
LOC111124930,2,1,1
LOC111124931,2,3,-1
LOC111124933,3,2,1
LOC111124935,2,3,-1
LOC111124937,3,4,-1
LOC111124938,6,7,-1
LOC111124939,6,5,1
LOC111124944,10,12,-2
LOC111124952,2,4,-2
LOC111124953,3,4,-1
LOC111124959,1,2,-1
LOC111124962,3,4,-1
LOC111124963,1,2,-1
LOC111124974,2,1,1
LOC111124975,1,2,-1
LOC111124995,2,1,1
LOC111124999,5,4,1
LOC111125001,2,3,-1
LOC111125004,3,4,-1
LOC111125011,1,2,-1
LOC111125018,5,4,1
LOC111125027,3,4,-1
LOC111125032,5,6,-1
LOC111125034,3,2,1
LOC111125039,0,1,-1
LOC111125043,6,7,-1
LOC111125047,3,4,-1
LOC111125060,1,2,-1
LOC111125061,3,4,-1
LOC111125063,1,2,-1
LOC111125082,0,1,-1
LOC111125084,3,4,-1
LOC111125086,1,2,-1
LOC111125108,1,2,-1
LOC111125110,1,2,-1
LOC111125116,2,3,-1
LOC111125124,4,3,1
LOC111125125,2,1,1
LOC111125132,2,1,1
LOC111125134,3,5,-2
LOC111125143,2,3,-1
LOC111125151,2,4,-2
LOC111125153,3,2,1
LOC111125156,1,2,-1
LOC111125159,3,2,1
LOC111125170,1,2,-1
LOC111125174,1,2,-1
LOC111125181,2,1,1
LOC111125187,1,2,-1
LOC111125194,4,5,-1
LOC111125196,2,1,1
LOC111125199,2,3,-1
LOC111125211,1,2,-1
LOC111125214,2,1,1
LOC111125219,1,3,-2
LOC111125224,6,7,-1
LOC111125246,2,1,1
LOC111125255,4,3,1
LOC111125260,2,1,1
LOC111125284,4,2,2
LOC111125290,3,2,1
LOC111125306,4,5,-1
LOC111125314,3,4,-1
LOC111125317,2,3,-1
LOC111125326,1,2,-1
LOC111125330,8,12,-4
LOC111125336,4,6,-2
LOC111125338,3,6,-3
LOC111125345,1,2,-1
LOC111125346,0,1,-1
LOC111125347,7,5,2
LOC111125355,2,4,-2
LOC111125371,0,1,-1
LOC111125372,6,7,-1
LOC111125387,2,1,1
LOC111125388,1,2,-1
LOC111125389,2,1,1
LOC111125391,5,4,1
LOC111125392,3,2,1
LOC111125394,3,2,1
LOC111125401,1,2,-1
LOC111125403,2,4,-2
LOC111125405,2,3,-1
LOC111125406,5,3,2
LOC111125414,0,1,-1
LOC111125422,0,1,-1
LOC111125428,4,3,1
LOC111125433,3,4,-1
LOC111125437,5,3,2
LOC111125441,1,3,-2
LOC111125445,1,2,-1
LOC111125450,8,10,-2
LOC111125463,11,17,-6
LOC111125473,2,1,1
LOC111125486,4,3,1
LOC111125488,2,5,-3
LOC111125494,2,3,-1
LOC111125496,1,2,-1
LOC111125513,2,3,-1
LOC111125524,2,3,-1
LOC111125535,3,2,1
LOC111125538,4,3,1
LOC111125559,2,1,1
LOC111125561,3,2,1
LOC111125569,1,2,-1
LOC111125570,5,6,-1
LOC111125577,4,5,-1
LOC111125608,0,1,-1
LOC111125615,1,2,-1
LOC111125624,1,2,-1
LOC111125629,5,6,-1
LOC111125634,3,4,-1
LOC111125638,1,2,-1
LOC111125640,2,1,1
LOC111125656,4,2,2
LOC111125661,2,3,-1
LOC111125663,4,5,-1
LOC111125664,5,4,1
LOC111125668,3,2,1
LOC111125672,1,2,-1
LOC111125673,2,3,-1
LOC111125677,2,3,-1
LOC111125699,2,1,1
LOC111125704,2,1,1
LOC111125710,1,2,-1
LOC111125717,4,5,-1
LOC111125720,2,4,-2
LOC111125733,1,2,-1
LOC111125735,4,6,-2
LOC111125755,3,2,1
LOC111125764,9,12,-3
LOC111125774,2,3,-1
LOC111125780,2,1,1
LOC111125795,1,3,-2
LOC111125797,1,2,-1
LOC111125799,3,4,-1
LOC111125801,1,2,-1
LOC111125802,6,8,-2
LOC111125803,2,3,-1
LOC111125833,10,12,-2
LOC111125837,2,1,1
LOC111125844,1,2,-1
LOC111125854,3,5,-2
LOC111125855,1,2,-1
LOC111125862,1,2,-1
LOC111125870,1,2,-1
LOC111125878,2,3,-1
LOC111125898,1,2,-1
LOC111125906,9,8,1
LOC111125914,1,2,-1
LOC111125923,1,2,-1
LOC111125927,2,1,1
LOC111125942,10,13,-3
LOC111125949,1,2,-1
LOC111125956,7,5,2
LOC111125958,5,6,-1
LOC111125966,2,1,1
LOC111125978,2,3,-1
LOC111125994,1,3,-2
LOC111126007,5,3,2
LOC111126019,4,3,1
LOC111126021,1,2,-1
LOC111126023,2,3,-1
LOC111126031,1,2,-1
LOC111126043,1,4,-3
LOC111126044,0,1,-1
LOC111126054,2,3,-1
LOC111126067,1,2,-1
LOC111126076,2,4,-2
LOC111126080,2,1,1
LOC111126086,1,2,-1
LOC111126103,1,2,-1
LOC111126112,3,2,1
LOC111126130,2,3,-1
LOC111126136,3,4,-1
LOC111126144,1,2,-1
LOC111126149,3,4,-1
LOC111126161,8,9,-1
LOC111126165,2,3,-1
LOC111126169,3,2,1
LOC111126172,3,4,-1
LOC111126180,2,1,1
LOC111126185,3,2,1
LOC111126189,1,2,-1
LOC111126215,2,3,-1
LOC111126221,1,2,-1
LOC111126225,3,2,1
LOC111126240,2,1,1
LOC111126241,1,2,-1
LOC111126248,1,2,-1
LOC111126251,4,5,-1
LOC111126252,4,5,-1
LOC111126253,2,3,-1
LOC111126257,2,3,-1
LOC111126295,3,1,2
LOC111126302,3,4,-1
LOC111126312,4,3,1
LOC111126326,1,2,-1
LOC111126327,2,3,-1
LOC111126352,8,9,-1
LOC111126355,2,1,1
LOC111126376,13,15,-2
LOC111126380,1,2,-1
LOC111126381,2,4,-2
LOC111126395,5,10,-5
LOC111126399,1,2,-1
LOC111126405,4,5,-1
LOC111126407,1,2,-1
LOC111126409,2,4,-2
LOC111126412,2,3,-1
LOC111126416,4,5,-1
LOC111126421,3,5,-2
LOC111126430,1,2,-1
LOC111126443,1,3,-2
LOC111126459,1,2,-1
LOC111126468,1,2,-1
LOC111126479,3,2,1
LOC111126490,1,2,-1
LOC111126493,2,1,1
LOC111126502,1,2,-1
LOC111126514,3,1,2
LOC111126515,3,4,-1
LOC111126527,3,6,-3
LOC111126529,4,6,-2
LOC111126530,1,2,-1
LOC111126535,2,1,1
LOC111126541,1,2,-1
LOC111126542,1,2,-1
LOC111126543,2,3,-1
LOC111126549,2,4,-2
LOC111126558,2,1,1
LOC111126560,7,6,1
LOC111126574,1,2,-1
LOC111126586,4,7,-3
LOC111126587,5,6,-1
LOC111126599,1,3,-2
LOC111126605,3,5,-2
LOC111126624,4,5,-1
LOC111126649,2,1,1
LOC111126659,2,3,-1
LOC111126673,4,5,-1
LOC111126693,3,2,1
LOC111126714,3,2,1
LOC111126715,2,4,-2
LOC111126759,1,2,-1
LOC111126771,2,3,-1
LOC111126772,1,2,-1
LOC111126788,3,4,-1
LOC111126791,5,6,-1
LOC111126798,3,4,-1
LOC111126805,4,7,-3
LOC111126809,4,5,-1
LOC111126810,8,9,-1
LOC111126828,9,14,-5
LOC111126832,1,2,-1
LOC111126852,1,2,-1
LOC111126853,0,1,-1
LOC111126873,1,2,-1
LOC111126875,2,3,-1
LOC111126888,4,3,1
LOC111126905,1,2,-1
LOC111126914,1,2,-1
LOC111126918,1,2,-1
LOC111126935,1,2,-1
LOC111126940,1,2,-1
LOC111126964,1,2,-1
LOC111126972,2,3,-1
LOC111126976,1,2,-1
LOC111126993,5,7,-2
LOC111126995,2,1,1
LOC111127013,1,2,-1
LOC111127021,1,2,-1
LOC111127032,2,3,-1
LOC111127048,4,5,-1
LOC111127049,2,3,-1
LOC111127051,2,3,-1
LOC111127053,1,2,-1
LOC111127079,3,2,1
LOC111127081,1,2,-1
LOC111127083,0,1,-1
LOC111127085,1,2,-1
LOC111127091,2,3,-1
LOC111127097,3,2,1
LOC111127107,4,5,-1
LOC111127111,1,2,-1
LOC111127117,2,4,-2
LOC111127137,2,1,1
LOC111127141,0,1,-1
LOC111127146,5,4,1
LOC111127160,2,3,-1
LOC111127166,1,4,-3
LOC111127178,3,4,-1
LOC111127193,3,4,-1
LOC111127196,1,2,-1
LOC111127212,2,1,1
LOC111127220,2,4,-2
LOC111127221,1,2,-1
LOC111127223,1,2,-1
LOC111127234,1,3,-2
LOC111127236,2,1,1
LOC111127260,1,3,-2
LOC111127264,2,3,-1
LOC111127270,2,1,1
LOC111127307,0,1,-1
LOC111127309,1,2,-1
LOC111127316,3,2,1
LOC111127322,8,6,2
LOC111127343,5,6,-1
LOC111127356,2,3,-1
LOC111127366,2,3,-1
LOC111127377,1,2,-1
LOC111127379,1,2,-1
LOC111127408,1,2,-1
LOC111127409,2,1,1
LOC111127413,3,2,1
LOC111127415,1,2,-1
LOC111127424,2,3,-1
LOC111127446,3,2,1
LOC111127465,4,3,1
LOC111127476,1,3,-2
LOC111127479,1,0,1
LOC111127488,1,2,-1
LOC111127489,1,2,-1
LOC111127494,1,2,-1
LOC111127498,3,4,-1
LOC111127510,4,5,-1
LOC111127539,2,3,-1
LOC111127550,4,3,1
LOC111127575,2,3,-1
LOC111127583,2,3,-1
LOC111127590,1,2,-1
LOC111127591,1,2,-1
LOC111127594,2,1,1
LOC111127598,1,2,-1
LOC111127600,1,2,-1
LOC111127602,1,2,-1
LOC111127631,1,0,1
LOC111127633,2,3,-1
LOC111127644,2,4,-2
LOC111127650,7,8,-1
LOC111127656,1,2,-1
LOC111127743,3,4,-1
LOC111127744,5,4,1
LOC111127755,2,1,1
LOC111127764,2,1,1
LOC111127768,2,1,1
LOC111127769,4,3,1
LOC111127790,3,4,-1
LOC111127795,2,3,-1
LOC111127799,4,3,1
LOC111127808,3,2,1
LOC111127821,3,1,2
LOC111127826,3,4,-1
LOC111127827,6,4,2
LOC111127848,8,7,1
LOC111127852,2,1,1
LOC111127860,1,2,-1
LOC111127862,3,5,-2
LOC111127877,7,9,-2
LOC111127902,2,1,1
LOC111127906,6,7,-1
LOC111127908,3,2,1
LOC111127911,6,7,-1
LOC111127975,6,5,1
LOC111127981,10,11,-1
LOC111127989,2,3,-1
LOC111127993,2,3,-1
LOC111128026,2,3,-1
LOC111128029,3,6,-3
LOC111128032,1,2,-1
LOC111128040,3,4,-1
LOC111128041,7,6,1
LOC111128044,2,1,1
LOC111128067,2,3,-1
LOC111128069,1,2,-1
LOC111128071,2,1,1
LOC111128076,16,13,3
LOC111128078,1,2,-1
LOC111128082,8,7,1
LOC111128085,9,10,-1
LOC111128093,3,4,-1
LOC111128107,1,2,-1
LOC111128112,2,1,1
LOC111128118,2,3,-1
LOC111128152,1,2,-1
LOC111128163,1,2,-1
LOC111128182,6,5,1
LOC111128196,3,2,1
LOC111128244,1,8,-7
LOC111128256,5,4,1
LOC111128257,0,1,-1
LOC111128258,1,2,-1
LOC111128277,2,3,-1
LOC111128281,3,2,1
LOC111128315,2,4,-2
LOC111128324,1,2,-1
LOC111128349,5,4,1
LOC111128350,3,4,-1
LOC111128358,3,4,-1
LOC111128360,4,3,1
LOC111128380,1,2,-1
LOC111128385,1,2,-1
LOC111128401,1,2,-1
LOC111128405,2,3,-1
LOC111128411,2,1,1
LOC111128424,1,2,-1
LOC111128425,3,4,-1
LOC111128432,4,2,2
LOC111128472,2,1,1
LOC111128477,1,2,-1
LOC111128488,1,2,-1
LOC111128492,3,4,-1
LOC111128498,4,5,-1
LOC111128504,1,2,-1
LOC111128506,0,1,-1
LOC111128511,2,3,-1
LOC111128523,6,4,2
LOC111128531,2,3,-1
LOC111128533,7,5,2
LOC111128536,2,3,-1
LOC111128548,4,5,-1
LOC111128549,3,4,-1
LOC111128553,1,2,-1
LOC111128570,1,2,-1
LOC111128581,19,16,3
LOC111128585,1,2,-1
LOC111128586,2,1,1
LOC111128591,11,7,4
LOC111128600,3,2,1
LOC111128611,2,1,1
LOC111128618,1,2,-1
LOC111128623,2,3,-1
LOC111128624,1,2,-1
LOC111128642,2,3,-1
LOC111128647,1,2,-1
LOC111128656,2,3,-1
LOC111128657,1,2,-1
LOC111128660,4,3,1
LOC111128671,2,1,1
LOC111128679,4,5,-1
LOC111128683,1,3,-2
LOC111128698,5,6,-1
LOC111128700,1,2,-1
LOC111128703,1,2,-1
LOC111128717,2,1,1
LOC111128718,4,3,1
LOC111128721,7,5,2
LOC111128722,3,6,-3
LOC111128725,2,4,-2
LOC111128741,1,2,-1
LOC111128752,1,2,-1
LOC111128768,7,6,1
LOC111128771,1,2,-1
LOC111128794,4,6,-2
LOC111128800,1,2,-1
LOC111128803,6,7,-1
LOC111128808,1,2,-1
LOC111128814,2,1,1
LOC111128821,6,7,-1
LOC111128838,5,4,1
LOC111128852,4,5,-1
LOC111128859,3,6,-3
LOC111128864,1,2,-1
LOC111128871,8,9,-1
LOC111128878,5,6,-1
LOC111128883,7,8,-1
LOC111128895,2,1,1
LOC111128898,2,3,-1
LOC111128917,2,1,1
LOC111128919,2,3,-1
LOC111128933,6,7,-1
LOC111128943,2,1,1
LOC111128961,1,2,-1
LOC111128966,2,3,-1
LOC111128978,2,3,-1
LOC111128988,5,4,1
LOC111128990,2,4,-2
LOC111128998,6,9,-3
LOC111128999,1,2,-1
LOC111129017,2,3,-1
LOC111129020,2,3,-1
LOC111129023,1,3,-2
LOC111129033,1,2,-1
LOC111129043,1,2,-1
LOC111129045,1,2,-1
LOC111129051,1,2,-1
LOC111129055,7,9,-2
LOC111129056,7,8,-1
LOC111129069,2,4,-2
LOC111129076,2,3,-1
LOC111129079,3,4,-1
LOC111129085,1,2,-1
LOC111129088,10,15,-5
LOC111129093,2,4,-2
LOC111129094,4,3,1
LOC111129117,6,5,1
LOC111129118,4,2,2
LOC111129125,4,5,-1
LOC111129131,4,5,-1
LOC111129139,4,3,1
LOC111129143,3,7,-4
LOC111129151,5,4,1
LOC111129162,12,15,-3
LOC111129163,5,4,1
LOC111129164,1,2,-1
LOC111129170,11,10,1
LOC111129176,2,4,-2
LOC111129177,5,6,-1
LOC111129178,3,1,2
LOC111129191,3,4,-1
LOC111129205,2,3,-1
LOC111129214,1,2,-1
LOC111129221,3,5,-2
LOC111129230,0,1,-1
LOC111129238,4,3,1
LOC111129239,2,3,-1
LOC111129248,0,1,-1
LOC111129252,5,3,2
LOC111129267,2,3,-1
LOC111129269,3,5,-2
LOC111129294,2,3,-1
LOC111129300,4,5,-1
LOC111129303,1,2,-1
LOC111129304,1,2,-1
LOC111129318,0,1,-1
LOC111129320,2,1,1
LOC111129333,6,5,1
LOC111129334,3,5,-2
LOC111129337,3,2,1
LOC111129348,4,5,-1
LOC111129352,4,5,-1
LOC111129365,3,4,-1
LOC111129367,2,1,1
LOC111129371,2,3,-1
LOC111129376,3,5,-2
LOC111129405,1,2,-1
LOC111129435,2,1,1
LOC111129449,1,2,-1
LOC111129461,4,3,1
LOC111129462,2,3,-1
LOC111129471,2,1,1
LOC111129472,1,2,-1
LOC111129478,2,4,-2
LOC111129497,2,3,-1
LOC111129499,5,6,-1
LOC111129501,1,2,-1
LOC111129505,1,2,-1
LOC111129512,10,13,-3
LOC111129513,4,3,1
LOC111129516,9,7,2
LOC111129539,2,3,-1
LOC111129562,1,2,-1
LOC111129591,4,5,-1
LOC111129595,0,1,-1
LOC111129693,4,5,-1
LOC111129819,2,3,-1
LOC111129823,4,6,-2
LOC111129827,3,2,1
LOC111129836,6,7,-1
LOC111129864,2,1,1
LOC111129874,8,9,-1
LOC111129877,8,7,1
LOC111129882,2,3,-1
LOC111129892,1,2,-1
LOC111129906,1,2,-1
LOC111129907,2,3,-1
LOC111129910,2,1,1
LOC111129917,2,1,1
LOC111129923,2,3,-1
LOC111129930,2,3,-1
LOC111129933,2,3,-1
LOC111129938,1,2,-1
LOC111129944,2,3,-1
LOC111129974,1,2,-1
LOC111129975,20,18,2
LOC111129980,5,6,-1
LOC111129982,1,2,-1
LOC111130010,2,3,-1
LOC111130021,2,3,-1
LOC111130025,1,2,-1
LOC111130029,2,4,-2
LOC111130038,5,4,1
LOC111130040,6,10,-4
LOC111130045,1,2,-1
LOC111130048,3,4,-1
LOC111130051,2,3,-1
LOC111130052,6,7,-1
LOC111130053,1,4,-3
LOC111130055,2,3,-1
LOC111130058,1,2,-1
LOC111130074,3,4,-1
LOC111130078,2,1,1
LOC111130081,4,3,1
LOC111130107,5,6,-1
LOC111130111,2,4,-2
LOC111130114,2,3,-1
LOC111130115,1,2,-1
LOC111130125,3,6,-3
LOC111130136,1,2,-1
LOC111130142,1,2,-1
LOC111130154,1,2,-1
LOC111130158,1,2,-1
LOC111130159,2,1,1
LOC111130168,2,4,-2
LOC111130170,1,2,-1
LOC111130175,2,3,-1
LOC111130178,3,4,-1
LOC111130185,1,2,-1
LOC111130194,6,7,-1
LOC111130209,2,3,-1
LOC111130214,1,2,-1
LOC111130224,2,1,1
LOC111130232,1,2,-1
LOC111130239,1,2,-1
LOC111130245,3,4,-1
LOC111130250,4,3,1
LOC111130297,14,15,-1
LOC111130306,4,3,1
LOC111130310,3,4,-1
LOC111130323,2,3,-1
LOC111130325,4,3,1
LOC111130338,4,5,-1
LOC111130340,3,2,1
LOC111130345,6,4,2
LOC111130350,1,2,-1
LOC111130351,3,4,-1
LOC111130353,18,15,3
LOC111130354,5,6,-1
LOC111130370,2,3,-1
LOC111130379,1,2,-1
LOC111130380,1,2,-1
LOC111130387,2,3,-1
LOC111130389,2,4,-2
LOC111130398,2,5,-3
LOC111130400,1,2,-1
LOC111130408,4,5,-1
LOC111130409,8,10,-2
LOC111130414,2,1,1
LOC111130417,1,2,-1
LOC111130420,1,2,-1
LOC111130449,1,2,-1
LOC111130456,3,4,-1
LOC111130470,2,3,-1
LOC111130476,1,2,-1
LOC111130484,2,5,-3
LOC111130487,9,11,-2
LOC111130494,1,0,1
LOC111130498,3,4,-1
LOC111130522,1,2,-1
LOC111130529,2,1,1
LOC111130560,4,6,-2
LOC111130574,3,4,-1
LOC111130577,1,2,-1
LOC111130578,1,2,-1
LOC111130580,1,2,-1
LOC111130639,1,2,-1
LOC111130645,2,1,1
LOC111130648,1,3,-2
LOC111130649,1,2,-1
LOC111130651,2,3,-1
LOC111130673,6,5,1
LOC111130676,5,3,2
LOC111130678,2,3,-1
LOC111130695,2,4,-2
LOC111130704,7,5,2
LOC111130709,2,1,1
LOC111130737,3,2,1
LOC111130742,4,5,-1
LOC111130744,2,1,1
LOC111130774,2,1,1
LOC111130775,2,3,-1
LOC111130813,0,1,-1
LOC111130839,4,5,-1
LOC111130845,2,3,-1
LOC111130862,1,2,-1
LOC111130866,2,1,1
LOC111130869,2,3,-1
LOC111130872,1,2,-1
LOC111130892,1,2,-1
LOC111130912,3,1,2
LOC111130915,1,2,-1
LOC111130918,7,8,-1
LOC111130930,2,1,1
LOC111130940,2,3,-1
LOC111130951,6,4,2
LOC111130955,1,2,-1
LOC111130964,1,2,-1
LOC111130965,1,2,-1
LOC111131026,2,1,1
LOC111131058,1,2,-1
LOC111131080,4,5,-1
LOC111131104,1,2,-1
LOC111131106,1,2,-1
LOC111131121,2,3,-1
LOC111131122,1,2,-1
LOC111131127,2,1,1
LOC111131133,1,2,-1
LOC111131147,10,8,2
LOC111131162,1,2,-1
LOC111131167,2,3,-1
LOC111131168,2,3,-1
LOC111131201,2,1,1
LOC111131204,1,2,-1
LOC111131217,1,2,-1
LOC111131232,8,6,2
LOC111131237,1,2,-1
LOC111131265,4,2,2
LOC111131279,3,2,1
LOC111131286,2,1,1
LOC111131287,2,1,1
LOC111131308,1,2,-1
LOC111131325,1,2,-1
LOC111131354,1,2,-1
LOC111131381,2,3,-1
LOC111131395,3,4,-1
LOC111131397,5,2,3
LOC111131409,1,2,-1
LOC111131418,8,9,-1
LOC111131437,13,12,1
LOC111131447,3,4,-1
LOC111131452,1,2,-1
LOC111131466,4,2,2
LOC111131488,4,5,-1
LOC111131489,3,4,-1
LOC111131522,2,3,-1
LOC111131525,2,3,-1
LOC111131529,5,4,1
LOC111131539,2,1,1
LOC111131547,3,2,1
LOC111131559,1,2,-1
LOC111131629,1,2,-1
LOC111131652,1,2,-1
LOC111131661,8,6,2
LOC111131663,3,4,-1
LOC111131689,1,0,1
LOC111131690,2,3,-1
LOC111131692,3,2,1
LOC111131718,3,4,-1
LOC111131721,5,4,1
LOC111131727,1,2,-1
LOC111131737,1,2,-1
LOC111131745,1,2,-1
LOC111131763,3,4,-1
LOC111131766,1,2,-1
LOC111131767,4,3,1
LOC111131768,4,5,-1
LOC111131782,2,3,-1
LOC111131793,1,2,-1
LOC111131813,2,3,-1
LOC111131814,3,4,-1
LOC111131824,1,3,-2
LOC111131839,1,2,-1
LOC111131849,1,2,-1
LOC111131871,13,14,-1
LOC111131963,5,3,2
LOC111132029,2,3,-1
LOC111132052,2,3,-1
LOC111132079,4,3,1
LOC111132089,1,3,-2
LOC111132094,2,3,-1
LOC111132095,3,2,1
LOC111132097,5,7,-2
LOC111132099,5,6,-1
LOC111132107,5,7,-2
LOC111132115,4,6,-2
LOC111132119,1,2,-1
LOC111132128,1,4,-3
LOC111132139,3,2,1
LOC111132147,6,8,-2
LOC111132168,2,1,1
LOC111132172,1,3,-2
LOC111132178,5,6,-1
LOC111132192,5,4,1
LOC111132200,2,3,-1
LOC111132213,5,4,1
LOC111132214,2,4,-2
LOC111132223,2,3,-1
LOC111132269,1,2,-1
LOC111132296,1,2,-1
LOC111132299,4,2,2
LOC111132349,1,2,-1
LOC111132400,0,1,-1
LOC111132402,0,1,-1
LOC111132409,3,5,-2
LOC111132450,9,11,-2
LOC111132603,3,2,1
LOC111132662,0,1,-1
LOC111132725,0,1,-1
LOC111132798,4,3,1
LOC111132802,3,4,-1
LOC111132803,1,2,-1
LOC111132812,3,2,1
LOC111132824,1,2,-1
LOC111132833,2,1,1
LOC111132844,3,2,1
LOC111132862,3,2,1
LOC111132867,1,2,-1
LOC111132879,7,8,-1
LOC111132892,2,3,-1
LOC111132922,12,14,-2
LOC111132924,6,8,-2
LOC111132926,2,3,-1
LOC111132950,3,2,1
LOC111132962,4,3,1
LOC111132985,4,7,-3
LOC111132988,1,2,-1
LOC111132990,5,4,1
LOC111132992,1,2,-1
LOC111133009,2,4,-2
LOC111133016,2,3,-1
LOC111133017,2,3,-1
LOC111133023,4,3,1
LOC111133039,1,2,-1
LOC111133041,6,5,1
LOC111133047,2,3,-1
LOC111133049,2,4,-2
LOC111133055,2,1,1
LOC111133066,3,4,-1
LOC111133082,1,2,-1
LOC111133084,9,10,-1
LOC111133088,1,2,-1
LOC111133089,3,2,1
LOC111133102,2,1,1
LOC111133103,1,2,-1
LOC111133106,2,4,-2
LOC111133119,4,3,1
LOC111133125,2,3,-1
LOC111133134,1,2,-1
LOC111133144,5,6,-1
LOC111133146,3,2,1
LOC111133152,2,3,-1
LOC111133162,1,2,-1
LOC111133175,2,1,1
LOC111133178,2,3,-1
LOC111133185,2,1,1
LOC111133186,1,2,-1
LOC111133189,2,4,-2
LOC111133196,1,2,-1
LOC111133200,1,2,-1
LOC111133218,5,6,-1
LOC111133219,3,4,-1
LOC111133231,2,3,-1
LOC111133239,4,5,-1
LOC111133277,1,2,-1
LOC111133279,1,2,-1
LOC111133280,4,3,1
LOC111133281,7,8,-1
LOC111133282,7,6,1
LOC111133285,6,5,1
LOC111133286,1,2,-1
LOC111133287,1,2,-1
LOC111133292,1,2,-1
LOC111133301,3,4,-1
LOC111133302,2,3,-1
LOC111133303,2,1,1
LOC111133308,1,2,-1
LOC111133319,1,2,-1
LOC111133321,1,0,1
LOC111133325,0,1,-1
LOC111133327,13,15,-2
LOC111133328,2,1,1
LOC111133335,1,3,-2
LOC111133340,1,2,-1
LOC111133341,1,3,-2
LOC111133344,2,3,-1
LOC111133345,2,1,1
LOC111133350,7,9,-2
LOC111133356,1,2,-1
LOC111133362,0,1,-1
LOC111133364,1,2,-1
LOC111133367,1,2,-1
LOC111133377,1,2,-1
LOC111133383,2,3,-1
LOC111133390,4,3,1
LOC111133392,4,3,1
LOC111133394,2,4,-2
LOC111133398,10,9,1
LOC111133399,5,7,-2
LOC111133401,1,4,-3
LOC111133410,1,0,1
LOC111133421,4,7,-3
LOC111133422,1,2,-1
LOC111133441,4,3,1
LOC111133454,1,0,1
LOC111133461,2,1,1
LOC111133469,2,3,-1
LOC111133470,1,2,-1
LOC111133477,3,4,-1
LOC111133485,4,5,-1
LOC111133506,2,5,-3
LOC111133508,2,1,1
LOC111133511,1,2,-1
LOC111133517,2,3,-1
LOC111133521,5,6,-1
LOC111133525,1,2,-1
LOC111133537,1,2,-1
LOC111133550,2,1,1
LOC111133551,2,1,1
LOC111133556,3,2,1
LOC111133572,3,5,-2
LOC111133573,3,4,-1
LOC111133574,2,4,-2
LOC111133575,1,2,-1
LOC111133576,1,2,-1
LOC111133577,2,3,-1
LOC111133578,2,4,-2
LOC111133580,1,2,-1
LOC111133599,2,1,1
LOC111133606,4,5,-1
LOC111133618,3,4,-1
LOC111133629,2,4,-2
LOC111133632,1,2,-1
LOC111133637,2,1,1
LOC111133638,0,1,-1
LOC111133646,2,3,-1
LOC111133650,0,1,-1
LOC111133651,6,8,-2
LOC111133653,1,2,-1
LOC111133656,3,4,-1
LOC111133657,2,1,1
LOC111133663,2,1,1
LOC111133666,5,9,-4
LOC111133668,1,2,-1
LOC111133683,1,2,-1
LOC111133687,6,7,-1
LOC111133692,3,4,-1
LOC111133698,3,2,1
LOC111133737,4,5,-1
LOC111133741,4,5,-1
LOC111133742,2,3,-1
LOC111133743,1,0,1
LOC111133761,1,2,-1
LOC111133774,2,4,-2
LOC111133779,4,5,-1
LOC111133795,1,2,-1
LOC111133801,1,2,-1
LOC111133803,2,3,-1
LOC111133822,3,2,1
LOC111133833,2,4,-2
LOC111133840,1,2,-1
LOC111133844,1,3,-2
LOC111133855,1,2,-1
LOC111133859,1,2,-1
LOC111133866,1,0,1
LOC111133867,1,2,-1
LOC111133875,1,2,-1
LOC111133883,0,1,-1
LOC111133891,4,7,-3
LOC111133898,1,2,-1
LOC111133901,1,3,-2
LOC111133929,2,1,1
LOC111133934,3,2,1
LOC111133948,1,2,-1
LOC111133963,1,2,-1
LOC111133964,2,3,-1
LOC111133968,0,1,-1
LOC111134000,4,5,-1
LOC111134006,3,4,-1
LOC111134012,2,1,1
LOC111134030,4,3,1
LOC111134042,3,2,1
LOC111134043,3,5,-2
LOC111134047,6,4,2
LOC111134052,2,1,1
LOC111134059,6,7,-1
LOC111134076,4,3,1
LOC111134088,2,3,-1
LOC111134110,1,2,-1
LOC111134112,2,3,-1
LOC111134130,0,1,-1
LOC111134136,1,2,-1
LOC111134194,1,0,1
LOC111134200,3,4,-1
LOC111134201,2,3,-1
LOC111134216,1,2,-1
LOC111134221,2,1,1
LOC111134229,3,4,-1
LOC111134239,7,6,1
LOC111134243,4,3,1
LOC111134253,2,3,-1
LOC111134256,2,5,-3
LOC111134258,2,3,-1
LOC111134263,3,4,-1
LOC111134265,4,5,-1
LOC111134267,3,4,-1
LOC111134268,3,1,2
LOC111134279,1,2,-1
LOC111134280,2,1,1
LOC111134309,1,2,-1
LOC111134311,3,4,-1
LOC111134313,4,2,2
LOC111134319,2,1,1
LOC111134328,4,6,-2
LOC111134348,1,2,-1
LOC111134349,1,2,-1
LOC111134353,2,1,1
LOC111134358,2,3,-1
LOC111134367,3,4,-1
LOC111134381,2,1,1
LOC111134398,2,3,-1
LOC111134403,1,2,-1
LOC111134417,6,10,-4
LOC111134423,11,6,5
LOC111134429,1,2,-1
LOC111134437,1,2,-1
LOC111134442,4,3,1
LOC111134444,3,4,-1
LOC111134445,3,4,-1
LOC111134461,0,1,-1
LOC111134465,2,3,-1
LOC111134468,5,6,-1
LOC111134473,7,6,1
LOC111134478,5,4,1
LOC111134489,1,3,-2
LOC111134493,1,2,-1
LOC111134495,1,0,1
LOC111134503,1,2,-1
LOC111134509,5,6,-1
LOC111134511,1,2,-1
LOC111134521,5,3,2
LOC111134522,2,1,1
LOC111134530,1,2,-1
LOC111134534,1,3,-2
LOC111134552,2,1,1
LOC111134556,0,1,-1
LOC111134568,3,4,-1
LOC111134572,5,6,-1
LOC111134577,3,2,1
LOC111134595,2,3,-1
LOC111134597,2,3,-1
LOC111134598,3,2,1
LOC111134604,1,2,-1
LOC111134605,2,1,1
LOC111134619,2,1,1
LOC111134625,8,7,1
LOC111134631,0,1,-1
LOC111134668,1,2,-1
LOC111134674,1,2,-1
LOC111134677,2,3,-1
LOC111134681,1,2,-1
LOC111134693,1,2,-1
LOC111134694,3,6,-3
LOC111134696,3,4,-1
LOC111134702,9,8,1
LOC111134703,1,2,-1
LOC111134710,1,2,-1
LOC111134711,1,2,-1
LOC111134724,3,5,-2
LOC111134725,4,5,-1
LOC111134737,10,11,-1
LOC111134739,2,4,-2
LOC111134744,1,2,-1
LOC111134766,2,3,-1
LOC111134772,16,17,-1
LOC111134775,5,3,2
LOC111134781,3,2,1
LOC111134790,11,13,-2
LOC111134794,3,4,-1
LOC111134802,2,1,1
LOC111134809,2,3,-1
LOC111134813,1,2,-1
LOC111134825,7,9,-2
LOC111134839,1,2,-1
LOC111134842,4,6,-2
LOC111134855,7,8,-1
LOC111134857,1,3,-2
LOC111134858,9,8,1
LOC111134862,2,3,-1
LOC111134869,2,3,-1
LOC111134876,4,5,-1
LOC111134881,3,2,1
LOC111134883,0,1,-1
LOC111134886,13,10,3
LOC111134897,1,2,-1
LOC111134907,2,1,1
LOC111134915,0,1,-1
LOC111134917,0,1,-1
LOC111134924,0,2,-2
LOC111134927,2,3,-1
LOC111134935,5,4,1
LOC111134936,1,2,-1
LOC111134937,1,2,-1
LOC111134942,2,1,1
LOC111134950,3,2,1
LOC111134951,2,1,1
LOC111134953,3,2,1
LOC111134966,7,6,1
LOC111134967,2,3,-1
LOC111134976,2,1,1
LOC111134979,2,3,-1
LOC111134988,1,2,-1
LOC111134993,3,5,-2
LOC111134994,1,2,-1
LOC111134996,3,2,1
LOC111134997,3,2,1
LOC111134998,7,5,2
LOC111135002,7,8,-1
LOC111135010,2,3,-1
LOC111135012,1,2,-1
LOC111135020,2,1,1
LOC111135021,2,1,1
LOC111135029,5,4,1
LOC111135030,2,1,1
LOC111135040,2,1,1
LOC111135048,1,3,-2
LOC111135049,1,2,-1
LOC111135051,5,4,1
LOC111135059,1,2,-1
LOC111135083,8,9,-1
LOC111135084,3,2,1
LOC111135091,1,2,-1
LOC111135096,2,3,-1
LOC111135097,1,2,-1
LOC111135110,1,2,-1
LOC111135117,5,4,1
LOC111135120,1,2,-1
LOC111135122,1,2,-1
LOC111135125,2,3,-1
LOC111135128,1,2,-1
LOC111135135,12,11,1
LOC111135136,4,3,1
LOC111135145,1,2,-1
LOC111135150,3,2,1
LOC111135152,3,4,-1
LOC111135153,3,2,1
LOC111135171,12,17,-5
LOC111135176,3,2,1
LOC111135188,1,2,-1
LOC111135208,5,4,1
LOC111135209,6,7,-1
LOC111135216,3,2,1
LOC111135226,2,3,-1
LOC111135252,4,6,-2
LOC111135266,2,3,-1
LOC111135268,0,1,-1
LOC111135289,2,1,1
LOC111135299,3,4,-1
LOC111135307,4,5,-1
LOC111135308,1,2,-1
LOC111135314,1,2,-1
LOC111135317,1,2,-1
LOC111135318,1,3,-2
LOC111135322,2,1,1
LOC111135328,3,2,1
LOC111135355,2,3,-1
LOC111135359,4,5,-1
LOC111135363,10,11,-1
LOC111135371,8,6,2
LOC111135377,1,3,-2
LOC111135381,6,5,1
LOC111135392,2,1,1
LOC111135393,1,2,-1
LOC111135408,6,5,1
LOC111135409,3,1,2
LOC111135419,3,2,1
LOC111135423,2,3,-1
LOC111135426,2,3,-1
LOC111135431,3,2,1
LOC111135433,3,4,-1
LOC111135437,3,4,-1
LOC111135445,4,3,1
LOC111135446,2,1,1
LOC111135451,2,3,-1
LOC111135463,3,4,-1
LOC111135471,3,4,-1
LOC111135477,6,4,2
LOC111135481,1,0,1
LOC111135483,1,0,1
LOC111135494,1,2,-1
LOC111135505,1,2,-1
LOC111135516,1,2,-1
LOC111135535,0,1,-1
LOC111135553,2,3,-1
LOC111135557,5,4,1
LOC111135559,4,9,-5
LOC111135562,1,2,-1
LOC111135569,4,5,-1
LOC111135578,2,3,-1
LOC111135579,1,2,-1
LOC111135588,4,3,1
LOC111135589,4,3,1
LOC111135590,2,1,1
LOC111135597,2,1,1
LOC111135598,3,2,1
LOC111135603,1,2,-1
LOC111135617,1,2,-1
LOC111135621,2,1,1
LOC111135630,2,1,1
LOC111135631,1,2,-1
LOC111135637,5,8,-3
LOC111135647,3,1,2
LOC111135656,1,2,-1
LOC111135670,1,3,-2
LOC111135676,2,3,-1
LOC111135689,4,5,-1
LOC111135701,1,2,-1
LOC111135710,1,2,-1
LOC111135712,3,2,1
LOC111135727,4,3,1
LOC111135736,3,4,-1
LOC111135743,1,2,-1
LOC111135755,2,1,1
LOC111135766,1,0,1
LOC111135768,2,6,-4
LOC111135772,1,2,-1
LOC111135777,2,1,1
LOC111135781,1,2,-1
LOC111135783,7,9,-2
LOC111135786,1,2,-1
LOC111135787,3,4,-1
LOC111135789,5,6,-1
LOC111135795,2,1,1
LOC111135807,1,2,-1
LOC111135812,5,6,-1
LOC111135822,1,2,-1
LOC111135824,4,5,-1
LOC111135825,6,7,-1
LOC111135841,2,4,-2
LOC111135842,4,6,-2
LOC111135852,4,5,-1
LOC111135858,3,4,-1
LOC111135868,3,2,1
LOC111135872,3,2,1
LOC111135874,1,2,-1
LOC111135875,1,2,-1
LOC111135878,4,3,1
LOC111135882,2,1,1
LOC111135888,2,3,-1
LOC111135901,4,5,-1
LOC111135911,11,12,-1
LOC111135921,3,4,-1
LOC111135924,0,1,-1
LOC111135925,2,3,-1
LOC111135928,2,1,1
LOC111135935,1,2,-1
LOC111135941,4,3,1
LOC111135958,2,1,1
LOC111135966,5,4,1
LOC111135967,6,7,-1
LOC111135972,1,2,-1
LOC111135976,4,3,1
LOC111135978,1,2,-1
LOC111135980,3,5,-2
LOC111135982,4,5,-1
LOC111135994,2,3,-1
LOC111135995,2,3,-1
LOC111136001,3,4,-1
LOC111136005,2,1,1
LOC111136016,2,1,1
LOC111136017,10,9,1
LOC111136023,1,2,-1
LOC111136024,7,8,-1
LOC111136025,1,2,-1
LOC111136030,1,2,-1
LOC111136034,3,4,-1
LOC111136058,4,2,2
LOC111136064,1,2,-1
LOC111136071,1,2,-1
LOC111136078,4,3,1
LOC111136082,2,3,-1
LOC111136085,3,2,1
LOC111136107,1,2,-1
LOC111136109,7,6,1
LOC111136148,4,5,-1
LOC111136167,2,1,1
LOC111136182,0,1,-1
LOC111136183,2,4,-2
LOC111136189,6,8,-2
LOC111136194,1,0,1
LOC111136200,2,3,-1
LOC111136202,3,4,-1
LOC111136206,3,2,1
LOC111136210,3,4,-1
LOC111136217,2,1,1
LOC111136219,7,8,-1
LOC111136221,3,4,-1
LOC111136235,1,2,-1
LOC111136258,7,5,2
LOC111136263,3,5,-2
LOC111136264,2,1,1
LOC111136282,2,3,-1
LOC111136299,3,2,1
LOC111136307,1,2,-1
LOC111136340,6,10,-4
LOC111136354,2,1,1
LOC111136377,3,2,1
LOC111136379,3,2,1
LOC111136382,5,6,-1
LOC111136393,1,2,-1
LOC111136398,3,2,1
LOC111136403,2,4,-2
LOC111136407,4,5,-1
LOC111136410,2,6,-4
LOC111136422,5,3,2
LOC111136426,2,3,-1
LOC111136449,3,4,-1
LOC111136459,3,2,1
LOC111136463,5,6,-1
LOC111136485,1,2,-1
LOC111136486,1,2,-1
LOC111136495,2,3,-1
LOC111136503,4,5,-1
LOC111136510,1,2,-1
LOC111136519,1,2,-1
LOC111136524,6,5,1
LOC111136547,1,2,-1
LOC111136548,11,10,1
LOC111136549,2,1,1
LOC111136552,2,3,-1
LOC111136553,2,4,-2
LOC111136556,1,2,-1
LOC111136562,2,3,-1
LOC111136566,1,2,-1
LOC111136588,4,3,1
LOC111136589,3,4,-1
LOC111136591,9,11,-2
LOC111136609,6,5,1
LOC111136612,1,2,-1
LOC111136616,4,2,2
LOC111136638,5,6,-1
LOC111136641,4,3,1
LOC111136647,1,2,-1
LOC111136649,7,6,1
LOC111136650,1,2,-1
LOC111136654,1,2,-1
LOC111136663,2,3,-1
LOC111136669,6,9,-3
LOC111136671,1,2,-1
LOC111136691,7,8,-1
LOC111136692,1,2,-1
LOC111136715,2,3,-1
LOC111136719,1,2,-1
LOC111136727,2,3,-1
LOC111136728,1,2,-1
LOC111136735,1,2,-1
LOC111136748,2,3,-1
LOC111136760,3,4,-1
LOC111136779,2,3,-1
LOC111136801,1,3,-2
LOC111136807,1,2,-1
LOC111136832,1,2,-1
LOC111136853,2,1,1
LOC111136867,2,4,-2
LOC111136875,1,2,-1
LOC111136925,3,2,1
LOC111136944,1,2,-1
LOC111136957,1,2,-1
LOC111136965,1,2,-1
LOC111136972,1,3,-2
LOC111136974,1,2,-1
LOC111136982,1,2,-1
LOC111136986,10,11,-1
LOC111136991,1,2,-1
LOC111136994,3,2,1
LOC111137022,2,4,-2
LOC111137023,1,2,-1
LOC111137025,1,2,-1
LOC111137059,5,6,-1
LOC111137093,1,2,-1
LOC111137103,5,6,-1
LOC111137107,2,1,1
LOC111137112,10,23,-13
LOC111137127,3,5,-2
LOC111137133,4,3,1
LOC111137136,1,3,-2
LOC111137161,1,2,-1
LOC111137166,2,3,-1
LOC111137175,1,2,-1
LOC111137176,3,2,1
LOC111137182,6,9,-3
LOC111137194,1,3,-2
LOC111137198,1,2,-1
LOC111137214,3,4,-1
LOC111137220,1,3,-2
LOC111137248,2,3,-1
LOC111137280,1,2,-1
LOC111137282,1,2,-1
LOC111137283,2,1,1
LOC111137285,2,1,1
LOC111137294,3,2,1
LOC111137296,3,4,-1
LOC111137335,1,2,-1
LOC111137349,1,2,-1
LOC111137351,1,2,-1
LOC111137352,1,2,-1
LOC111137380,1,3,-2
LOC111137395,1,2,-1
LOC111137408,1,2,-1
LOC111137409,2,3,-1
LOC111137437,3,4,-1
LOC111137491,1,2,-1
LOC111137511,5,4,1
LOC111137551,1,2,-1
LOC111137554,4,3,1
LOC111137557,3,2,1
LOC111137572,1,2,-1
LOC111137587,2,1,1
LOC111137589,3,4,-1
LOC111137590,2,1,1
LOC111137600,1,2,-1
LOC111137602,2,3,-1
LOC111137603,1,2,-1
LOC111137612,1,4,-3
LOC111137616,2,1,1
LOC111137618,1,2,-1
LOC111137633,1,2,-1
LOC111137635,2,3,-1
LOC111137636,1,2,-1
LOC111137639,4,2,2
LOC111137640,5,4,1
LOC111137642,0,1,-1
LOC111137654,3,2,1
LOC111137655,2,3,-1
LOC111137666,1,2,-1
LOC111137667,2,3,-1
LOC111137671,1,2,-1
LOC111137677,3,4,-1
LOC111137693,2,1,1
LOC111137702,3,4,-1
LOC111137707,1,2,-1
LOC111137709,2,1,1
LOC111137715,2,1,1
LOC111137723,2,1,1
LOC111137738,1,2,-1
LOC111137741,1,2,-1
LOC111137742,3,4,-1
LOC111137747,1,2,-1
LOC111137757,2,3,-1
LOC111137767,2,1,1
LOC111137769,3,4,-1
LOC111137784,1,2,-1
LOC111137788,1,2,-1
LOC111137795,1,2,-1
LOC111137804,2,3,-1
LOC111137806,2,3,-1
LOC111137816,2,1,1
LOC111137817,1,2,-1
LOC111137825,9,17,-8
LOC111137828,1,2,-1
LOC111137832,2,3,-1
LOC111137839,2,1,1
LOC111137855,2,1,1
LOC111137862,2,1,1
LOC111137874,2,1,1
LOC111137898,2,1,1
LOC111137904,1,2,-1
LOC111137908,1,2,-1
LOC111137934,1,2,-1
LOC111137936,4,3,1
LOC111137938,1,2,-1
LOC111137960,4,5,-1
LOC111137979,1,2,-1
LOC111137987,2,3,-1
LOC111137992,1,2,-1
LOC111138006,3,4,-1
LOC111138020,1,2,-1
LOC111138028,7,8,-1
LOC111138031,3,10,-7
LOC111138032,4,5,-1
LOC111138041,1,3,-2
LOC111138065,4,2,2
LOC111138069,4,5,-1
LOC111138072,1,2,-1
LOC111138078,1,2,-1
LOC111138101,1,2,-1
LOC111138104,1,2,-1
LOC111138116,2,1,1
LOC111138121,1,2,-1
LOC111138125,6,7,-1
LOC111138129,2,3,-1
LOC111138152,1,2,-1
LOC111138154,1,2,-1
LOC111138158,1,3,-2
LOC111138165,1,2,-1
LOC111138167,2,3,-1
LOC111138168,2,3,-1
LOC111138185,4,5,-1
LOC111138215,1,2,-1
LOC111138251,2,3,-1
LOC111138264,3,4,-1
LOC111138309,1,2,-1
LOC111138314,12,13,-1
LOC111138319,6,7,-1
LOC111138326,2,1,1
LOC111138335,1,2,-1
LOC111138341,3,4,-1
LOC111138403,4,5,-1
LOC111138420,1,2,-1
LOC111138425,2,3,-1
LOC111138431,1,2,-1
LOC111138432,4,6,-2
LOC111138443,4,5,-1
LOC111138459,1,2,-1
LOC111138462,4,2,2
LOC111138472,2,3,-1
LOC111138482,2,3,-1
LOC111138483,3,4,-1
LOC111138499,5,4,1
LOC111138501,1,2,-1
LOC111138502,3,2,1
LOC111138504,1,2,-1
Trnaa-cgc,10,11,-1
Trnai-aau,17,18,-1
Trnai-uau,4,5,-1
Trnak-cuu,27,26,1
Trnak-uuu,30,31,-1
Trnam-cau,24,27,-3
Trnan-guu,16,15,1
Trnar-ccu,28,30,-2
Trnaw-cca,8,9,-1
Trnay-gua,5,8,-3
